#
# There is insufficient memory for the Java Runtime Environment to continue.
# Native memory allocation (malloc) failed to allocate 1048256 bytes. Error detail: Chunk::new
# Possible reasons:
#   The system is out of physical RAM or swap space
#   This process is running with CompressedOops enabled, and the Java Heap may be blocking the growth of the native heap
# Possible solutions:
#   Reduce memory load on the system
#   Increase physical memory or swap space
#   Check if swap backing store is full
#   Decrease Java heap size (-Xmx/-Xms)
#   Decrease number of Java threads
#   Decrease Java thread stack sizes (-Xss)
#   Set larger code cache with -XX:ReservedCodeCacheSize=
#   JVM is running with Zero Based Compressed Oops mode in which the Java heap is
#     placed in the first 32GB address space. The Java Heap base address is the
#     maximum limit for the native heap growth. Please use -XX:HeapBaseMinAddress
#     to set the Java Heap base and to place the Java Heap above 32GB virtual address.
# This output file may be truncated or incomplete.
#
#  Out of Memory Error (arena.cpp:168), pid=17264, tid=28204
#
# JRE version: OpenJDK Runtime Environment Temurin-21.0.12+8 (21.0.12+8) (build 21.0.12+8-LTS)
# Java VM: OpenJDK 64-Bit Server VM Temurin-21.0.12+8 (21.0.12+8-LTS, mixed mode, sharing, tiered, compressed oops, compressed class ptrs, g1 gc, windows-amd64)
# No core dump will be written. Minidumps are not enabled by default on client versions of Windows
#

---------------  S U M M A R Y ------------

Command Line: --add-opens=java.base/java.lang=ALL-UNNAMED --add-opens=java.base/java.lang.invoke=ALL-UNNAMED --add-opens=java.base/java.util=ALL-UNNAMED --add-opens=java.prefs/java.util.prefs=ALL-UNNAMED --add-exports=jdk.compiler/com.sun.tools.javac.api=ALL-UNNAMED --add-exports=jdk.compiler/com.sun.tools.javac.util=ALL-UNNAMED --add-opens=java.base/java.nio.charset=ALL-UNNAMED --add-opens=java.base/java.net=ALL-UNNAMED --add-opens=java.base/java.util.concurrent=ALL-UNNAMED --add-opens=java.base/java.util.concurrent.atomic=ALL-UNNAMED --add-opens=java.xml/javax.xml.namespace=ALL-UNNAMED --add-opens=java.base/java.time=ALL-UNNAMED -Xmx3072m -Dfile.encoding=UTF-8 -Duser.country=US -Duser.language=en -Duser.variant -javaagent:C:\Users\--\.gradle\wrapper\dists\gradle-9.7.1-bin\1w1c7tv4s851m17nbqdsro2tv\gradle-9.7.1\lib\agents\gradle-instrumentation-agent-9.7.1.jar org.gradle.launcher.daemon.bootstrap.GradleDaemon 9.7.1

Host: Intel(R) Core(TM) Ultra 9 285, 24 cores, 31G,  Windows 11 , 64 bit Build 26100 (10.0.26100.9168)
Time: Mon Aug 31 15:10:46 2026 Eastern Daylight Time elapsed time: 56.237806 seconds (0d 0h 0m 56s)

---------------  T H R E A D  ---------------

Current thread (0x000001ad788338c0):  JavaThread "C2 CompilerThread2" daemon [_thread_in_native, id=28204, stack(0x000000a018d00000,0x000000a018e00000) (1024K)]


Current CompileTask:
C2:56237 26538 %     4       com.android.tools.r8.internal.m31::a @ 968 (3841 bytes)

Stack: [0x000000a018d00000,0x000000a018e00000]
Native frames: (J=compiled Java code, j=interpreted, Vv=VM code, C=native code)
V  [jvm.dll+0x6d83e9]
V  [jvm.dll+0x8b5736]
V  [jvm.dll+0x8b7cee]
V  [jvm.dll+0x8b83d3]
V  [jvm.dll+0x284596]
V  [jvm.dll+0xc685d]
V  [jvm.dll+0xc6da1]
V  [jvm.dll+0x2fb5ae]
V  [jvm.dll+0x5fee94]
V  [jvm.dll+0x255d67]
V  [jvm.dll+0x25612d]
V  [jvm.dll+0x24e6a0]
V  [jvm.dll+0x24bbe6]
V  [jvm.dll+0x1cb4ae]
V  [jvm.dll+0x25baad]
V  [jvm.dll+0x25a03a]
V  [jvm.dll+0x3f8aae]
V  [jvm.dll+0x8600cd]
V  [jvm.dll+0x6d6c1d]
C  [ucrtbase.dll+0x2cd30]
C  [KERNEL32.DLL+0x2ccb7]
C  [ntdll.dll+0xaad6c]


---------------  P R O C E S S  ---------------

Threads class SMR info:
_java_thread_list=0x000001ad79262b40, length=138, elements={
0x000001ad7c4f33d0, 0x000001ad1aa537f0, 0x000001ad1aa56260, 0x000001ad1aa5a200,
0x000001ad1aa5b010, 0x000001ad1aa5ba70, 0x000001ad1aa5cc70, 0x000001ad1aa622f0,
0x000001ad1aa72e80, 0x000001ad61047ff0, 0x000001ad1bf18cc0, 0x000001ad62a73390,
0x000001ad621d5910, 0x000001ad62fa7c50, 0x000001ad634e34c0, 0x000001ad634e4750,
0x000001ad631f3b20, 0x000001ad631f45a0, 0x000001ad634e2980, 0x000001ad634dfb90,
0x000001ad634e0220, 0x000001ad634e22f0, 0x000001ad634e0f40, 0x000001ad634e15d0,
0x000001ad63f4f770, 0x000001ad63f4d6a0, 0x000001ad63f4e3c0, 0x000001ad63f4c2f0,
0x000001ad63f4f0e0, 0x000001ad63f4c980, 0x000001ad63f4ea50, 0x000001ad63f52bf0,
0x000001ad63f511b0, 0x000001ad63f53280, 0x000001ad63f51840, 0x000001ad63f50490,
0x000001ad63feb560, 0x000001ad63fec910, 0x000001ad63fed630, 0x000001ad63fef070,
0x000001ad63fedcc0, 0x000001ad63fee9e0, 0x000001ad63fec280, 0x000001ad63fefd90,
0x000001ad63ff24f0, 0x000001ad63ff0420, 0x000001ad63ff0ab0, 0x000001ad63ff17d0,
0x000001ad63ff1140, 0x000001ad63ff1e60, 0x000001ad634df500, 0x000001ad61c43bf0,
0x000001ad61c40770, 0x000001ad61c43560, 0x000001ad61c42840, 0x000001ad61c421b0,
0x000001ad61c44280, 0x000001ad61c40e00, 0x000001ad61c44910, 0x000001ad61c41490,
0x000001ad61c44fa0, 0x000001ad61c41b20, 0x000001ad61c47700, 0x000001ad61c46350,
0x000001ad61c47d90, 0x000001ad65515700, 0x000001ad1aa705a0, 0x000001ad1aa70c70,
0x000001ad65515d90, 0x000001ad65514350, 0x000001ad1aa71340, 0x000001ad65acadb0,
0x000001ad65ac7930, 0x000001ad65acbad0, 0x000001ad65acb440, 0x000001ad65ac8ce0,
0x000001ad65ac8650, 0x000001ad65acc160, 0x000001ad65acc7f0, 0x000001ad65ac9370,
0x000001ad65acce80, 0x000001ad65acef50, 0x000001ad65ace8c0, 0x000001ad65acd510,
0x000001ad65acdba0, 0x000001ad65ace230, 0x000001ad65512910, 0x000001ad655184f0,
0x000001ad655177d0, 0x000001ad65516420, 0x000001ad65517140, 0x000001ad63f53910,
0x000001ad63f50b20, 0x000001ad6668d510, 0x000001ad6668b440, 0x000001ad6668bad0,
0x000001ad6d8c0f20, 0x000001ad6d8bc060, 0x000001ad6d8bf4e0, 0x000001ad6651abb0,
0x000001ad66518450, 0x000001ad6651bf60, 0x000001ad66519170, 0x000001ad6651d9a0,
0x000001ad6651ed50, 0x000001ad6651f3e0, 0x000001ad6651fa70, 0x000001ad6651cc80,
0x000001ad6651d310, 0x000001ad6651e030, 0x000001ad6651e6c0, 0x000001ad6668adb0,
0x000001ad6668e8c0, 0x000001ad6668ef50, 0x000001ad6668f5e0, 0x000001ad6668c160,
0x000001ad6668fc70, 0x000001ad6668c7f0, 0x000001ad666923d0, 0x000001ad66690990,
0x000001ad66691020, 0x000001ad666916b0, 0x000001ad6d8bc6f0, 0x000001ad6e4d7410,
0x000001ad66691d40, 0x000001ad6ea30d50, 0x000001ad6ea313e0, 0x000001ad6ea31a70,
0x000001ad6ea2e5f0, 0x000001ad6ea32100, 0x000001ad6ea2f9a0, 0x000001ad6ea2ec80,
0x000001ad78fe27f0, 0x000001ad843b4e40, 0x000001ad843b19c0, 0x000001ad788338c0,
0x000001ad843b0ca0, 0x000001ad843b82c0
}

Java Threads: ( => current thread )
  0x000001ad7c4f33d0 JavaThread "main"                              [_thread_blocked, id=42332, stack(0x000000a00ea00000,0x000000a00eb00000) (1024K)]
  0x000001ad1aa537f0 JavaThread "Reference Handler"          daemon [_thread_blocked, id=37332, stack(0x000000a00f200000,0x000000a00f300000) (1024K)]
  0x000001ad1aa56260 JavaThread "Finalizer"                  daemon [_thread_blocked, id=44976, stack(0x000000a00f300000,0x000000a00f400000) (1024K)]
  0x000001ad1aa5a200 JavaThread "Signal Dispatcher"          daemon [_thread_blocked, id=16072, stack(0x000000a00f400000,0x000000a00f500000) (1024K)]
  0x000001ad1aa5b010 JavaThread "Attach Listener"            daemon [_thread_blocked, id=6112, stack(0x000000a00f500000,0x000000a00f600000) (1024K)]
  0x000001ad1aa5ba70 JavaThread "Service Thread"             daemon [_thread_blocked, id=23100, stack(0x000000a00f600000,0x000000a00f700000) (1024K)]
  0x000001ad1aa5cc70 JavaThread "Monitor Deflation Thread"   daemon [_thread_blocked, id=22596, stack(0x000000a00f700000,0x000000a00f800000) (1024K)]
  0x000001ad1aa622f0 JavaThread "C2 CompilerThread0"         daemon [_thread_in_native, id=31472, stack(0x000000a00f800000,0x000000a00f900000) (1024K)]
  0x000001ad1aa72e80 JavaThread "C1 CompilerThread0"         daemon [_thread_blocked, id=3132, stack(0x000000a00f900000,0x000000a00fa00000) (1024K)]
  0x000001ad61047ff0 JavaThread "Common-Cleaner"             daemon [_thread_blocked, id=5596, stack(0x000000a00fb00000,0x000000a00fc00000) (1024K)]
  0x000001ad1bf18cc0 JavaThread "Notification Thread"        daemon [_thread_blocked, id=9764, stack(0x000000a00fc00000,0x000000a00fd00000) (1024K)]
  0x000001ad62a73390 JavaThread "Daemon health stats"               [_thread_blocked, id=37624, stack(0x000000a010a00000,0x000000a010b00000) (1024K)]
  0x000001ad621d5910 JavaThread "Incoming local TCP Connector on port 60302"        [_thread_in_native, id=44144, stack(0x000000a010b00000,0x000000a010c00000) (1024K)]
  0x000001ad62fa7c50 JavaThread "Daemon periodic checks"            [_thread_blocked, id=27436, stack(0x000000a010c00000,0x000000a010d00000) (1024K)]
  0x000001ad634e34c0 JavaThread "Daemon"                            [_thread_blocked, id=16088, stack(0x000000a010d00000,0x000000a010e00000) (1024K)]
  0x000001ad634e4750 JavaThread "Handler for socket connection from /127.0.0.1:60302 to /127.0.0.1:60304"        [_thread_in_native, id=10948, stack(0x000000a010e00000,0x000000a010f00000) (1024K)]
  0x000001ad631f3b20 JavaThread "Cancel handler"                    [_thread_blocked, id=9424, stack(0x000000a010f00000,0x000000a011000000) (1024K)]
  0x000001ad631f45a0 JavaThread "Daemon worker"                     [_thread_blocked, id=7140, stack(0x000000a011000000,0x000000a011100000) (1024K)]
  0x000001ad634e2980 JavaThread "Asynchronous log dispatcher for DefaultDaemonConnection: socket connection from /127.0.0.1:60302 to /127.0.0.1:60304"        [_thread_blocked, id=4872, stack(0x000000a011100000,0x000000a011200000) (1024K)]
  0x000001ad634dfb90 JavaThread "Stdin handler"                     [_thread_blocked, id=12236, stack(0x000000a011200000,0x000000a011300000) (1024K)]
  0x000001ad634e0220 JavaThread "Daemon client event forwarder"        [_thread_blocked, id=16924, stack(0x000000a011300000,0x000000a011400000) (1024K)]
  0x000001ad634e22f0 JavaThread "Cache worker for journal cache (C:\Users\--\.gradle\caches\journal-1)"        [_thread_blocked, id=48104, stack(0x000000a011400000,0x000000a011500000) (1024K)]
  0x000001ad634e0f40 JavaThread "File lock request listener"        [_thread_in_native, id=41332, stack(0x000000a011500000,0x000000a011600000) (1024K)]
  0x000001ad634e15d0 JavaThread "Cache worker for file hash cache (C:\Users\--\.gradle\caches\9.7.1\fileHashes)"        [_thread_blocked, id=41172, stack(0x000000a011600000,0x000000a011700000) (1024K)]
  0x000001ad63f4f770 JavaThread "File lock release action executor"        [_thread_blocked, id=38472, stack(0x000000a011d00000,0x000000a011e00000) (1024K)]
  0x000001ad63f4d6a0 JavaThread "Cache worker for file hash cache (C:\repos\NoNo\replica-app\.gradle\9.7.1\fileHashes)"        [_thread_blocked, id=7368, stack(0x000000a012200000,0x000000a012300000) (1024K)]
  0x000001ad63f4e3c0 JavaThread "Cache worker for Build Output Cleanup Cache (C:\repos\NoNo\replica-app\.gradle\buildOutputCleanup)"        [_thread_blocked, id=14420, stack(0x000000a012300000,0x000000a012400000) (1024K)]
  0x000001ad63f4c2f0 JavaThread "File watcher server"        daemon [_thread_in_native, id=12268, stack(0x000000a012400000,0x000000a012500000) (1024K)]
  0x000001ad63f4f0e0 JavaThread "File watcher consumer"      daemon [_thread_blocked, id=45480, stack(0x000000a012500000,0x000000a012600000) (1024K)]
  0x000001ad63f4c980 JavaThread "Cache worker for file content cache (C:\Users\--\.gradle\caches\9.7.1\fileContent)"        [_thread_blocked, id=36268, stack(0x000000a012600000,0x000000a012700000) (1024K)]
  0x000001ad63f4ea50 JavaThread "Cache worker for checksums cache (C:\repos\NoNo\replica-app\.gradle\9.7.1\checksums)"        [_thread_blocked, id=21936, stack(0x000000a012700000,0x000000a012800000) (1024K)]
  0x000001ad63f52bf0 JavaThread "Cache worker for cache directory keyrings (C:\Users\--\.gradle\caches\keyrings)"        [_thread_blocked, id=26416, stack(0x000000a012800000,0x000000a012900000) (1024K)]
  0x000001ad63f511b0 JavaThread "Cache worker for Signature verification cache (C:\repos\NoNo\replica-app\.gradle\9.7.1\signature-verification)"        [_thread_blocked, id=37428, stack(0x000000a012900000,0x000000a012a00000) (1024K)]
  0x000001ad63f53280 JavaThread "Cache worker for cache directory md-supplier (C:\Users\--\.gradle\caches\9.7.1\md-supplier)"        [_thread_blocked, id=20132, stack(0x000000a012a00000,0x000000a012b00000) (1024K)]
  0x000001ad63f51840 JavaThread "Cache worker for cache directory md-rule (C:\Users\--\.gradle\caches\9.7.1\md-rule)"        [_thread_blocked, id=30708, stack(0x000000a012b00000,0x000000a012c00000) (1024K)]
  0x000001ad63f50490 JavaThread "jar transforms"                    [_thread_blocked, id=37868, stack(0x000000a010800000,0x000000a010900000) (1024K)]
  0x000001ad63feb560 JavaThread "jar transforms Thread 2"           [_thread_blocked, id=23036, stack(0x000000a012d00000,0x000000a012e00000) (1024K)]
  0x000001ad63fec910 JavaThread "jar transforms Thread 3"           [_thread_blocked, id=43816, stack(0x000000a00fa00000,0x000000a00fb00000) (1024K)]
  0x000001ad63fed630 JavaThread "Build operations"                  [_thread_blocked, id=36408, stack(0x000000a012c00000,0x000000a012d00000) (1024K)]
  0x000001ad63fef070 JavaThread "Build operations Thread 2"         [_thread_blocked, id=21948, stack(0x000000a012e00000,0x000000a012f00000) (1024K)]
  0x000001ad63fedcc0 JavaThread "Build operations Thread 3"         [_thread_blocked, id=13956, stack(0x000000a012f00000,0x000000a013000000) (1024K)]
  0x000001ad63fee9e0 JavaThread "Build operations Thread 4"         [_thread_blocked, id=13088, stack(0x000000a013000000,0x000000a013100000) (1024K)]
  0x000001ad63fec280 JavaThread "Build operations Thread 5"         [_thread_blocked, id=13108, stack(0x000000a013100000,0x000000a013200000) (1024K)]
  0x000001ad63fefd90 JavaThread "Build operations Thread 6"         [_thread_blocked, id=45120, stack(0x000000a013200000,0x000000a013300000) (1024K)]
  0x000001ad63ff24f0 JavaThread "Build operations Thread 7"         [_thread_blocked, id=24616, stack(0x000000a013300000,0x000000a013400000) (1024K)]
  0x000001ad63ff0420 JavaThread "Build operations Thread 8"         [_thread_blocked, id=46068, stack(0x000000a013400000,0x000000a013500000) (1024K)]
  0x000001ad63ff0ab0 JavaThread "Build operations Thread 9"         [_thread_blocked, id=40172, stack(0x000000a013500000,0x000000a013600000) (1024K)]
  0x000001ad63ff17d0 JavaThread "Build operations Thread 10"        [_thread_blocked, id=46148, stack(0x000000a013600000,0x000000a013700000) (1024K)]
  0x000001ad63ff1140 JavaThread "Build operations Thread 11"        [_thread_blocked, id=6272, stack(0x000000a013700000,0x000000a013800000) (1024K)]
  0x000001ad63ff1e60 JavaThread "Build operations Thread 12"        [_thread_blocked, id=27044, stack(0x000000a013800000,0x000000a013900000) (1024K)]
  0x000001ad634df500 JavaThread "Build operations Thread 13"        [_thread_blocked, id=15828, stack(0x000000a013900000,0x000000a013a00000) (1024K)]
  0x000001ad61c43bf0 JavaThread "Build operations Thread 14"        [_thread_blocked, id=16972, stack(0x000000a013a00000,0x000000a013b00000) (1024K)]
  0x000001ad61c40770 JavaThread "Build operations Thread 15"        [_thread_blocked, id=24764, stack(0x000000a013b00000,0x000000a013c00000) (1024K)]
  0x000001ad61c43560 JavaThread "Build operations Thread 16"        [_thread_blocked, id=18152, stack(0x000000a013c00000,0x000000a013d00000) (1024K)]
  0x000001ad61c42840 JavaThread "Build operations Thread 17"        [_thread_blocked, id=34532, stack(0x000000a013d00000,0x000000a013e00000) (1024K)]
  0x000001ad61c421b0 JavaThread "Build operations Thread 18"        [_thread_blocked, id=33584, stack(0x000000a013e00000,0x000000a013f00000) (1024K)]
  0x000001ad61c44280 JavaThread "Build operations Thread 19"        [_thread_blocked, id=22652, stack(0x000000a013f00000,0x000000a014000000) (1024K)]
  0x000001ad61c40e00 JavaThread "Build operations Thread 20"        [_thread_blocked, id=20228, stack(0x000000a014000000,0x000000a014100000) (1024K)]
  0x000001ad61c44910 JavaThread "Build operations Thread 21"        [_thread_blocked, id=42276, stack(0x000000a014100000,0x000000a014200000) (1024K)]
  0x000001ad61c41490 JavaThread "Build operations Thread 22"        [_thread_blocked, id=45896, stack(0x000000a014200000,0x000000a014300000) (1024K)]
  0x000001ad61c44fa0 JavaThread "Build operations Thread 23"        [_thread_blocked, id=25900, stack(0x000000a014300000,0x000000a014400000) (1024K)]
  0x000001ad61c41b20 JavaThread "Build operations Thread 24"        [_thread_blocked, id=16460, stack(0x000000a014400000,0x000000a014500000) (1024K)]
  0x000001ad61c47700 JavaThread "jar transforms Thread 4"           [_thread_blocked, id=34776, stack(0x000000a014500000,0x000000a014600000) (1024K)]
  0x000001ad61c46350 JavaThread "jar transforms Thread 5"           [_thread_blocked, id=37108, stack(0x000000a010900000,0x000000a010a00000) (1024K)]
  0x000001ad61c47d90 JavaThread "Memory manager"                    [_thread_blocked, id=47536, stack(0x000000a014600000,0x000000a014700000) (1024K)]
  0x000001ad65515700 JavaThread "build event listener"              [_thread_blocked, id=24188, stack(0x000000a014700000,0x000000a014800000) (1024K)]
  0x000001ad1aa705a0 JavaThread "C1 CompilerThread1"         daemon [_thread_blocked, id=15572, stack(0x000000a014800000,0x000000a014900000) (1024K)]
  0x000001ad1aa70c70 JavaThread "C1 CompilerThread2"         daemon [_thread_blocked, id=20316, stack(0x000000a014900000,0x000000a014a00000) (1024K)]
  0x000001ad65515d90 JavaThread "build event listener"              [_thread_blocked, id=11320, stack(0x000000a014a00000,0x000000a014b00000) (1024K)]
  0x000001ad65514350 JavaThread "jar transforms Thread 6"           [_thread_blocked, id=17776, stack(0x000000a014b00000,0x000000a014c00000) (1024K)]
  0x000001ad1aa71340 JavaThread "C1 CompilerThread3"         daemon [_thread_blocked, id=7180, stack(0x000000a014d00000,0x000000a014e00000) (1024K)]
  0x000001ad65acadb0 JavaThread "included builds"                   [_thread_blocked, id=37584, stack(0x000000a00e900000,0x000000a00ea00000) (1024K)]
  0x000001ad65ac7930 JavaThread "Execution worker"                  [_thread_blocked, id=44360, stack(0x000000a014c00000,0x000000a014d00000) (1024K)]
  0x000001ad65acbad0 JavaThread "Execution worker Thread 2"         [_thread_blocked, id=46636, stack(0x000000a014e00000,0x000000a014f00000) (1024K)]
  0x000001ad65acb440 JavaThread "Execution worker Thread 3"         [_thread_blocked, id=13540, stack(0x000000a014f00000,0x000000a015000000) (1024K)]
  0x000001ad65ac8ce0 JavaThread "Execution worker Thread 4"         [_thread_blocked, id=40424, stack(0x000000a015000000,0x000000a015100000) (1024K)]
  0x000001ad65ac8650 JavaThread "Execution worker Thread 5"         [_thread_blocked, id=42576, stack(0x000000a015100000,0x000000a015200000) (1024K)]
  0x000001ad65acc160 JavaThread "Execution worker Thread 6"         [_thread_blocked, id=36320, stack(0x000000a015200000,0x000000a015300000) (1024K)]
  0x000001ad65acc7f0 JavaThread "Execution worker Thread 7"         [_thread_blocked, id=30148, stack(0x000000a015300000,0x000000a015400000) (1024K)]
  0x000001ad65ac9370 JavaThread "Execution worker Thread 8"         [_thread_blocked, id=24416, stack(0x000000a015400000,0x000000a015500000) (1024K)]
  0x000001ad65acce80 JavaThread "Execution worker Thread 9"         [_thread_blocked, id=23712, stack(0x000000a015500000,0x000000a015600000) (1024K)]
  0x000001ad65acef50 JavaThread "Execution worker Thread 10"        [_thread_blocked, id=29412, stack(0x000000a015600000,0x000000a015700000) (1024K)]
  0x000001ad65ace8c0 JavaThread "Execution worker Thread 11"        [_thread_blocked, id=30448, stack(0x000000a015700000,0x000000a015800000) (1024K)]
  0x000001ad65acd510 JavaThread "Execution worker Thread 12"        [_thread_blocked, id=35580, stack(0x000000a015800000,0x000000a015900000) (1024K)]
  0x000001ad65acdba0 JavaThread "Execution worker Thread 13"        [_thread_blocked, id=46380, stack(0x000000a015900000,0x000000a015a00000) (1024K)]
  0x000001ad65ace230 JavaThread "Execution worker Thread 14"        [_thread_blocked, id=35236, stack(0x000000a015a00000,0x000000a015b00000) (1024K)]
  0x000001ad65512910 JavaThread "Execution worker Thread 15"        [_thread_blocked, id=31112, stack(0x000000a015b00000,0x000000a015c00000) (1024K)]
  0x000001ad655184f0 JavaThread "Execution worker Thread 16"        [_thread_blocked, id=23048, stack(0x000000a015c00000,0x000000a015d00000) (1024K)]
  0x000001ad655177d0 JavaThread "Execution worker Thread 17"        [_thread_blocked, id=5188, stack(0x000000a015d00000,0x000000a015e00000) (1024K)]
  0x000001ad65516420 JavaThread "Execution worker Thread 18"        [_thread_blocked, id=27212, stack(0x000000a015e00000,0x000000a015f00000) (1024K)]
  0x000001ad65517140 JavaThread "Execution worker Thread 19"        [_thread_blocked, id=22744, stack(0x000000a015f00000,0x000000a016000000) (1024K)]
  0x000001ad63f53910 JavaThread "Execution worker Thread 20"        [_thread_blocked, id=19616, stack(0x000000a016000000,0x000000a016100000) (1024K)]
  0x000001ad63f50b20 JavaThread "Execution worker Thread 21"        [_thread_blocked, id=47928, stack(0x000000a016100000,0x000000a016200000) (1024K)]
  0x000001ad6668d510 JavaThread "Execution worker Thread 22"        [_thread_blocked, id=45984, stack(0x000000a016200000,0x000000a016300000) (1024K)]
  0x000001ad6668b440 JavaThread "Execution worker Thread 23"        [_thread_blocked, id=8836, stack(0x000000a016300000,0x000000a016400000) (1024K)]
  0x000001ad6668bad0 JavaThread "Cache worker for execution history cache (C:\repos\NoNo\replica-app\.gradle\9.7.1\executionHistory)"        [_thread_blocked, id=32644, stack(0x000000a016400000,0x000000a016500000) (1024K)]
  0x000001ad6d8c0f20 JavaThread "WorkerExecutor Queue"              [_thread_in_native, id=9708, stack(0x000000a016600000,0x000000a016700000) (1024K)]
  0x000001ad6d8bc060 JavaThread "WorkerExecutor Queue Thread 2"        [_thread_in_Java, id=33952, stack(0x000000a016500000,0x000000a016600000) (1024K)]
  0x000001ad6d8bf4e0 JavaThread "WorkerExecutor Queue Thread 3"        [_thread_in_Java, id=19960, stack(0x000000a016700000,0x000000a016800000) (1024K)]
  0x000001ad6651abb0 JavaThread "DefaultDispatcher-worker-1" daemon [_thread_blocked, id=42488, stack(0x000000a016800000,0x000000a016900000) (1024K)]
  0x000001ad66518450 JavaThread "DefaultDispatcher-worker-2" daemon [_thread_blocked, id=48112, stack(0x000000a016900000,0x000000a016a00000) (1024K)]
  0x000001ad6651bf60 JavaThread "DefaultDispatcher-worker-3" daemon [_thread_blocked, id=24632, stack(0x000000a016a00000,0x000000a016b00000) (1024K)]
  0x000001ad66519170 JavaThread "WorkerExecutor Queue Thread 4"        [_thread_blocked, id=33312, stack(0x000000a016b00000,0x000000a016c00000) (1024K)]
  0x000001ad6651d9a0 JavaThread "WorkerExecutor Queue Thread 5"        [_thread_blocked, id=44868, stack(0x000000a016c00000,0x000000a016d00000) (1024K)]
  0x000001ad6651ed50 JavaThread "WorkerExecutor Queue Thread 6"        [_thread_blocked, id=42000, stack(0x000000a016d00000,0x000000a016e00000) (1024K)]
  0x000001ad6651f3e0 JavaThread "WorkerExecutor Queue Thread 7"        [_thread_blocked, id=15516, stack(0x000000a016e00000,0x000000a016f00000) (1024K)]
  0x000001ad6651fa70 JavaThread "WorkerExecutor Queue Thread 8"        [_thread_blocked, id=31940, stack(0x000000a016f00000,0x000000a017000000) (1024K)]
  0x000001ad6651cc80 JavaThread "WorkerExecutor Queue Thread 9"        [_thread_blocked, id=40688, stack(0x000000a017000000,0x000000a017100000) (1024K)]
  0x000001ad6651d310 JavaThread "WorkerExecutor Queue Thread 10"        [_thread_blocked, id=36700, stack(0x000000a017100000,0x000000a017200000) (1024K)]
  0x000001ad6651e030 JavaThread "WorkerExecutor Queue Thread 11"        [_thread_blocked, id=41528, stack(0x000000a017200000,0x000000a017300000) (1024K)]
  0x000001ad6651e6c0 JavaThread "WorkerExecutor Queue Thread 12"        [_thread_blocked, id=46116, stack(0x000000a017300000,0x000000a017400000) (1024K)]
  0x000001ad6668adb0 JavaThread "WorkerExecutor Queue Thread 13"        [_thread_blocked, id=5600, stack(0x000000a017400000,0x000000a017500000) (1024K)]
  0x000001ad6668e8c0 JavaThread "WorkerExecutor Queue Thread 14"        [_thread_blocked, id=31076, stack(0x000000a017500000,0x000000a017600000) (1024K)]
  0x000001ad6668ef50 JavaThread "WorkerExecutor Queue Thread 15"        [_thread_blocked, id=22216, stack(0x000000a017600000,0x000000a017700000) (1024K)]
  0x000001ad6668f5e0 JavaThread "WorkerExecutor Queue Thread 16"        [_thread_blocked, id=24716, stack(0x000000a017700000,0x000000a017800000) (1024K)]
  0x000001ad6668c160 JavaThread "WorkerExecutor Queue Thread 17"        [_thread_blocked, id=4628, stack(0x000000a017800000,0x000000a017900000) (1024K)]
  0x000001ad6668fc70 JavaThread "WorkerExecutor Queue Thread 18"        [_thread_blocked, id=40124, stack(0x000000a017900000,0x000000a017a00000) (1024K)]
  0x000001ad6668c7f0 JavaThread "WorkerExecutor Queue Thread 19"        [_thread_blocked, id=26524, stack(0x000000a017a00000,0x000000a017b00000) (1024K)]
  0x000001ad666923d0 JavaThread "WorkerExecutor Queue Thread 20"        [_thread_blocked, id=33024, stack(0x000000a017b00000,0x000000a017c00000) (1024K)]
  0x000001ad66690990 JavaThread "WorkerExecutor Queue Thread 21"        [_thread_blocked, id=33040, stack(0x000000a017c00000,0x000000a017d00000) (1024K)]
  0x000001ad66691020 JavaThread "WorkerExecutor Queue Thread 22"        [_thread_in_native, id=7396, stack(0x000000a017d00000,0x000000a017e00000) (1024K)]
  0x000001ad666916b0 JavaThread "WorkerExecutor Queue Thread 23"        [_thread_blocked, id=21452, stack(0x000000a017e00000,0x000000a017f00000) (1024K)]
  0x000001ad6d8bc6f0 JavaThread "WorkerExecutor Queue Thread 24"        [_thread_blocked, id=32488, stack(0x000000a017f00000,0x000000a018000000) (1024K)]
  0x000001ad6e4d7410 JavaThread "C2 CompilerThread1"         daemon [_thread_in_native, id=17012, stack(0x000000a018000000,0x000000a018100000) (1024K)]
  0x000001ad66691d40 JavaThread "DefaultDispatcher-worker-1" daemon [_thread_blocked, id=46640, stack(0x000000a018100000,0x000000a018200000) (1024K)]
  0x000001ad6ea30d50 JavaThread "DefaultDispatcher-worker-2" daemon [_thread_blocked, id=6744, stack(0x000000a018200000,0x000000a018300000) (1024K)]
  0x000001ad6ea313e0 JavaThread "DefaultDispatcher-worker-3" daemon [_thread_blocked, id=4980, stack(0x000000a018300000,0x000000a018400000) (1024K)]
  0x000001ad6ea31a70 JavaThread "DefaultDispatcher-worker-4" daemon [_thread_blocked, id=23692, stack(0x000000a018400000,0x000000a018500000) (1024K)]
  0x000001ad6ea2e5f0 JavaThread "DefaultDispatcher-worker-5" daemon [_thread_blocked, id=46448, stack(0x000000a018500000,0x000000a018600000) (1024K)]
  0x000001ad6ea32100 JavaThread "DefaultDispatcher-worker-6" daemon [_thread_blocked, id=27820, stack(0x000000a018600000,0x000000a018700000) (1024K)]
  0x000001ad6ea2f9a0 JavaThread "Periodic tasks thread"      daemon [_thread_blocked, id=46132, stack(0x000000a018700000,0x000000a018800000) (1024K)]
  0x000001ad6ea2ec80 JavaThread "ApplicationImpl pooled thread 1"        [_thread_blocked, id=23880, stack(0x000000a018800000,0x000000a018900000) (1024K)]
  0x000001ad78fe27f0 JavaThread "ForkJoinPool.commonPool-worker-1" daemon [_thread_blocked, id=17500, stack(0x000000a018900000,0x000000a018a00000) (1024K)]
  0x000001ad843b4e40 JavaThread "Java2D Disposer"            daemon [_thread_blocked, id=8848, stack(0x000000a018a00000,0x000000a018b00000) (1024K)]
  0x000001ad843b19c0 JavaThread "AWT-Windows"                daemon [_thread_in_native, id=13836, stack(0x000000a018c00000,0x000000a018d00000) (1024K)]
=>0x000001ad788338c0 JavaThread "C2 CompilerThread2"         daemon [_thread_in_native, id=28204, stack(0x000000a018d00000,0x000000a018e00000) (1024K)]
  0x000001ad843b0ca0 JavaThread "ForkJoinPool.commonPool-worker-2" daemon [_thread_blocked, id=25184, stack(0x000000a018e00000,0x000000a018f00000) (1024K)]
  0x000001ad843b82c0 JavaThread "ForkJoinPool.commonPool-worker-3" daemon [_thread_blocked, id=25780, stack(0x000000a018f00000,0x000000a019000000) (1024K)]
Total: 138

Other Threads:
  0x000001ad1aa3a0b0 VMThread "VM Thread"                           [id=9416, stack(0x000000a00f100000,0x000000a00f200000) (1024K)]
  0x000001ad1aa27900 WatcherThread "VM Periodic Task Thread"        [id=25396, stack(0x000000a00f000000,0x000000a00f100000) (1024K)]
  0x000001ad7c54b790 WorkerThread "GC Thread#0"                     [id=46828, stack(0x000000a00eb00000,0x000000a00ec00000) (1024K)]
  0x000001ad618610e0 WorkerThread "GC Thread#1"                     [id=45960, stack(0x000000a00fd00000,0x000000a00fe00000) (1024K)]
  0x000001ad61861490 WorkerThread "GC Thread#2"                     [id=17444, stack(0x000000a00fe00000,0x000000a00ff00000) (1024K)]
  0x000001ad61861840 WorkerThread "GC Thread#3"                     [id=14432, stack(0x000000a00ff00000,0x000000a010000000) (1024K)]
  0x000001ad61861bf0 WorkerThread "GC Thread#4"                     [id=15636, stack(0x000000a010000000,0x000000a010100000) (1024K)]
  0x000001ad61483a60 WorkerThread "GC Thread#5"                     [id=32740, stack(0x000000a010100000,0x000000a010200000) (1024K)]
  0x000001ad61483e10 WorkerThread "GC Thread#6"                     [id=37052, stack(0x000000a010200000,0x000000a010300000) (1024K)]
  0x000001ad614841c0 WorkerThread "GC Thread#7"                     [id=35096, stack(0x000000a010300000,0x000000a010400000) (1024K)]
  0x000001ad61484570 WorkerThread "GC Thread#8"                     [id=36344, stack(0x000000a010400000,0x000000a010500000) (1024K)]
  0x000001ad61bea160 WorkerThread "GC Thread#9"                     [id=42092, stack(0x000000a010500000,0x000000a010600000) (1024K)]
  0x000001ad61bea510 WorkerThread "GC Thread#10"                    [id=21940, stack(0x000000a010600000,0x000000a010700000) (1024K)]
  0x000001ad619a6820 WorkerThread "GC Thread#11"                    [id=16780, stack(0x000000a010700000,0x000000a010800000) (1024K)]
  0x000001ad6341ff50 WorkerThread "GC Thread#12"                    [id=34584, stack(0x000000a011700000,0x000000a011800000) (1024K)]
  0x000001ad6341de20 WorkerThread "GC Thread#13"                    [id=3716, stack(0x000000a011800000,0x000000a011900000) (1024K)]
  0x000001ad63420300 WorkerThread "GC Thread#14"                    [id=20840, stack(0x000000a011900000,0x000000a011a00000) (1024K)]
  0x000001ad6341f7f0 WorkerThread "GC Thread#15"                    [id=34688, stack(0x000000a011a00000,0x000000a011b00000) (1024K)]
  0x000001ad6341e580 WorkerThread "GC Thread#16"                    [id=9780, stack(0x000000a011b00000,0x000000a011c00000) (1024K)]
  0x000001ad634206b0 WorkerThread "GC Thread#17"                    [id=43732, stack(0x000000a011c00000,0x000000a011d00000) (1024K)]
  0x000001ad7c559510 ConcurrentGCThread "G1 Main Marker"            [id=552, stack(0x000000a00ec00000,0x000000a00ed00000) (1024K)]
  0x000001ad7c559f30 WorkerThread "G1 Conc#0"                       [id=23576, stack(0x000000a00ed00000,0x000000a00ee00000) (1024K)]
  0x000001ad6341ece0 WorkerThread "G1 Conc#1"                       [id=29312, stack(0x000000a011e00000,0x000000a011f00000) (1024K)]
  0x000001ad6341f090 WorkerThread "G1 Conc#2"                       [id=29824, stack(0x000000a011f00000,0x000000a012000000) (1024K)]
  0x000001ad6341f440 WorkerThread "G1 Conc#3"                       [id=39424, stack(0x000000a012000000,0x000000a012100000) (1024K)]
  0x000001ad6341da70 WorkerThread "G1 Conc#4"                       [id=18112, stack(0x000000a012100000,0x000000a012200000) (1024K)]
  0x000001ad1a9c9070 ConcurrentGCThread "G1 Refine#0"               [id=30848, stack(0x000000a00ee00000,0x000000a00ef00000) (1024K)]
  0x000001ad1a9ca8b0 ConcurrentGCThread "G1 Service"                [id=44200, stack(0x000000a00ef00000,0x000000a00f000000) (1024K)]
Total: 28

Threads with active compile tasks:
C2 CompilerThread0  56309 26468 %     4       com.android.tools.r8.internal.f52::l @ 840 (1187 bytes)
C2 CompilerThread1  56309 26652 %     4       com.android.tools.r8.internal.gd0::a @ 589 (1173 bytes)
C2 CompilerThread2  56309 26538 %     4       com.android.tools.r8.internal.m31::a @ 968 (3841 bytes)
Total: 3

VM state: not at safepoint (normal execution)

VM Mutex/Monitor currently owned by a thread: None

Heap address: 0x0000000740000000, size: 3072 MB, Compressed Oops mode: Zero based, Oop shift amount: 3

CDS archive(s) mapped at: [0x000001ad1c000000-0x000001ad1cc80000-0x000001ad1cc80000), size 13107200, SharedBaseAddress: 0x000001ad1c000000, ArchiveRelocationMode: 1.
Compressed class space mapped at: 0x000001ad1d000000-0x000001ad5d000000, reserved size: 1073741824
Narrow klass base: 0x000001ad1c000000, Narrow klass shift: 0, Narrow klass range: 0x100000000

GC Precious Log:
 CardTable entry size: 512
 Card Set container configuration: InlinePtr #cards 4 size 8 Array Of Cards #cards 16 size 48 Howl #buckets 8 coarsen threshold 3686 Howl Bitmap #cards 512 size 80 coarsen threshold 460 Card regions per heap region 1 cards per card region 4096
 CPUs: 24 total, 24 available
 Memory: 32466M
 Large Page Support: Disabled
 NUMA Support: Disabled
 Compressed Oops: Enabled (Zero based)
 Heap Region Size: 2M
 Heap Min Capacity: 8M
 Heap Initial Capacity: 508M
 Heap Max Capacity: 3G
 Pre-touch: Disabled
 Parallel Workers: 18
 Concurrent Workers: 5
 Concurrent Refinement Workers: 18
 Periodic GC: Disabled

Heap:
 garbage-first heap   total 606208K, used 477946K [0x0000000740000000, 0x0000000800000000)
  region size 2048K, 115 young (235520K), 9 survivors (18432K)
 Metaspace       used 215133K, committed 217984K, reserved 1245184K
  class space    used 29334K, committed 30784K, reserved 1048576K

Heap Regions: E=young(eden), S=young(survivor), O=old, HS=humongous(starts), HC=humongous(continues), CS=collection set, F=free, TAMS=top-at-mark-start, PB=parsable bottom
|   0|0x0000000740000000, 0x0000000740200000, 0x0000000740200000|100%|HS|  |TAMS 0x0000000740000000| PB 0x0000000740000000| Complete 
|   1|0x0000000740200000, 0x0000000740400000, 0x0000000740400000|100%|HC|  |TAMS 0x0000000740200000| PB 0x0000000740200000| Complete 
|   2|0x0000000740400000, 0x0000000740600000, 0x0000000740600000|100%| O|  |TAMS 0x0000000740400000| PB 0x0000000740400000| Untracked 
|   3|0x0000000740600000, 0x0000000740800000, 0x0000000740800000|100%| O|  |TAMS 0x0000000740600000| PB 0x0000000740600000| Untracked 
|   4|0x0000000740800000, 0x0000000740a00000, 0x0000000740a00000|100%| O|  |TAMS 0x0000000740800000| PB 0x0000000740800000| Untracked 
|   5|0x0000000740a00000, 0x0000000740c00000, 0x0000000740c00000|100%| O|  |TAMS 0x0000000740a00000| PB 0x0000000740a00000| Untracked 
|   6|0x0000000740c00000, 0x0000000740e00000, 0x0000000740e00000|100%| O|  |TAMS 0x0000000740c00000| PB 0x0000000740c00000| Untracked 
|   7|0x0000000740e00000, 0x0000000741000000, 0x0000000741000000|100%| O|  |TAMS 0x0000000740e00000| PB 0x0000000740e00000| Untracked 
|   8|0x0000000741000000, 0x0000000741200000, 0x0000000741200000|100%| O|  |TAMS 0x0000000741000000| PB 0x0000000741000000| Untracked 
|   9|0x0000000741200000, 0x0000000741400000, 0x0000000741400000|100%| O|  |TAMS 0x0000000741200000| PB 0x0000000741200000| Untracked 
|  10|0x0000000741400000, 0x0000000741600000, 0x0000000741600000|100%| O|  |TAMS 0x0000000741400000| PB 0x0000000741400000| Untracked 
|  11|0x0000000741600000, 0x0000000741800000, 0x0000000741800000|100%| O|  |TAMS 0x0000000741600000| PB 0x0000000741600000| Untracked 
|  12|0x0000000741800000, 0x0000000741a00000, 0x0000000741a00000|100%| O|  |TAMS 0x0000000741800000| PB 0x0000000741800000| Untracked 
|  13|0x0000000741a00000, 0x0000000741c00000, 0x0000000741c00000|100%| O|  |TAMS 0x0000000741a00000| PB 0x0000000741a00000| Untracked 
|  14|0x0000000741c00000, 0x0000000741e00000, 0x0000000741e00000|100%| O|  |TAMS 0x0000000741c00000| PB 0x0000000741c00000| Untracked 
|  15|0x0000000741e00000, 0x0000000742000000, 0x0000000742000000|100%| O|  |TAMS 0x0000000741e00000| PB 0x0000000741e00000| Untracked 
|  16|0x0000000742000000, 0x0000000742200000, 0x0000000742200000|100%|HS|  |TAMS 0x0000000742000000| PB 0x0000000742000000| Complete 
|  17|0x0000000742200000, 0x0000000742400000, 0x0000000742400000|100%| O|  |TAMS 0x0000000742200000| PB 0x0000000742200000| Untracked 
|  18|0x0000000742400000, 0x0000000742600000, 0x0000000742600000|100%| O|  |TAMS 0x0000000742400000| PB 0x0000000742400000| Untracked 
|  19|0x0000000742600000, 0x0000000742800000, 0x0000000742800000|100%| O|  |TAMS 0x0000000742600000| PB 0x0000000742600000| Untracked 
|  20|0x0000000742800000, 0x0000000742a00000, 0x0000000742a00000|100%| O|  |TAMS 0x0000000742800000| PB 0x0000000742800000| Untracked 
|  21|0x0000000742a00000, 0x0000000742c00000, 0x0000000742c00000|100%| O|  |TAMS 0x0000000742a00000| PB 0x0000000742a00000| Untracked 
|  22|0x0000000742c00000, 0x0000000742e00000, 0x0000000742e00000|100%| O|  |TAMS 0x0000000742c00000| PB 0x0000000742c00000| Untracked 
|  23|0x0000000742e00000, 0x0000000743000000, 0x0000000743000000|100%| O|  |TAMS 0x0000000742e00000| PB 0x0000000742e00000| Untracked 
|  24|0x0000000743000000, 0x0000000743200000, 0x0000000743200000|100%| O|  |TAMS 0x0000000743000000| PB 0x0000000743000000| Untracked 
|  25|0x0000000743200000, 0x0000000743400000, 0x0000000743400000|100%| O|  |TAMS 0x0000000743200000| PB 0x0000000743200000| Untracked 
|  26|0x0000000743400000, 0x0000000743600000, 0x0000000743600000|100%| O|  |TAMS 0x0000000743400000| PB 0x0000000743400000| Untracked 
|  27|0x0000000743600000, 0x0000000743800000, 0x0000000743800000|100%| O|  |TAMS 0x0000000743600000| PB 0x0000000743600000| Untracked 
|  28|0x0000000743800000, 0x0000000743a00000, 0x0000000743a00000|100%| O|  |TAMS 0x0000000743800000| PB 0x0000000743800000| Untracked 
|  29|0x0000000743a00000, 0x0000000743c00000, 0x0000000743c00000|100%| O|  |TAMS 0x0000000743a00000| PB 0x0000000743a00000| Untracked 
|  30|0x0000000743c00000, 0x0000000743e00000, 0x0000000743e00000|100%|HS|  |TAMS 0x0000000743c00000| PB 0x0000000743c00000| Complete 
|  31|0x0000000743e00000, 0x0000000744000000, 0x0000000744000000|100%| O|  |TAMS 0x0000000743e00000| PB 0x0000000743e00000| Untracked 
|  32|0x0000000744000000, 0x0000000744200000, 0x0000000744200000|100%| O|  |TAMS 0x0000000744000000| PB 0x0000000744000000| Untracked 
|  33|0x0000000744200000, 0x0000000744400000, 0x0000000744400000|100%| O|  |TAMS 0x0000000744200000| PB 0x0000000744200000| Untracked 
|  34|0x0000000744400000, 0x0000000744600000, 0x0000000744600000|100%| O|  |TAMS 0x0000000744400000| PB 0x0000000744400000| Untracked 
|  35|0x0000000744600000, 0x0000000744800000, 0x0000000744800000|100%| O|  |TAMS 0x0000000744600000| PB 0x0000000744600000| Untracked 
|  36|0x0000000744800000, 0x0000000744a00000, 0x0000000744a00000|100%| O|  |TAMS 0x0000000744800000| PB 0x0000000744800000| Untracked 
|  37|0x0000000744a00000, 0x0000000744c00000, 0x0000000744c00000|100%| O|  |TAMS 0x0000000744a00000| PB 0x0000000744a00000| Untracked 
|  38|0x0000000744c00000, 0x0000000744e00000, 0x0000000744e00000|100%| O|  |TAMS 0x0000000744c00000| PB 0x0000000744c00000| Untracked 
|  39|0x0000000744e00000, 0x0000000745000000, 0x0000000745000000|100%| O|  |TAMS 0x0000000744e00000| PB 0x0000000744e00000| Untracked 
|  40|0x0000000745000000, 0x0000000745200000, 0x0000000745200000|100%| O|  |TAMS 0x0000000745000000| PB 0x0000000745000000| Untracked 
|  41|0x0000000745200000, 0x0000000745400000, 0x0000000745400000|100%| O|  |TAMS 0x0000000745200000| PB 0x0000000745200000| Untracked 
|  42|0x0000000745400000, 0x0000000745600000, 0x0000000745600000|100%| O|  |TAMS 0x0000000745400000| PB 0x0000000745400000| Untracked 
|  43|0x0000000745600000, 0x0000000745800000, 0x0000000745800000|100%| O|  |TAMS 0x0000000745600000| PB 0x0000000745600000| Untracked 
|  44|0x0000000745800000, 0x0000000745a00000, 0x0000000745a00000|100%| O|  |TAMS 0x0000000745800000| PB 0x0000000745800000| Untracked 
|  45|0x0000000745a00000, 0x0000000745c00000, 0x0000000745c00000|100%| O|  |TAMS 0x0000000745a00000| PB 0x0000000745a00000| Untracked 
|  46|0x0000000745c00000, 0x0000000745e00000, 0x0000000745e00000|100%| O|  |TAMS 0x0000000745c00000| PB 0x0000000745c00000| Untracked 
|  47|0x0000000745e00000, 0x0000000746000000, 0x0000000746000000|100%| O|  |TAMS 0x0000000745e00000| PB 0x0000000745e00000| Untracked 
|  48|0x0000000746000000, 0x0000000746200000, 0x0000000746200000|100%| O|  |TAMS 0x0000000746000000| PB 0x0000000746000000| Untracked 
|  49|0x0000000746200000, 0x0000000746400000, 0x0000000746400000|100%| O|  |TAMS 0x0000000746200000| PB 0x0000000746200000| Untracked 
|  50|0x0000000746400000, 0x0000000746600000, 0x0000000746600000|100%| O|  |TAMS 0x0000000746400000| PB 0x0000000746400000| Untracked 
|  51|0x0000000746600000, 0x0000000746800000, 0x0000000746800000|100%| O|  |TAMS 0x0000000746600000| PB 0x0000000746600000| Untracked 
|  52|0x0000000746800000, 0x0000000746a00000, 0x0000000746a00000|100%| O|  |TAMS 0x0000000746800000| PB 0x0000000746800000| Untracked 
|  53|0x0000000746a00000, 0x0000000746c00000, 0x0000000746c00000|100%| O|  |TAMS 0x0000000746a00000| PB 0x0000000746a00000| Untracked 
|  54|0x0000000746c00000, 0x0000000746e00000, 0x0000000746e00000|100%| O|  |TAMS 0x0000000746c00000| PB 0x0000000746c00000| Untracked 
|  55|0x0000000746e00000, 0x0000000747000000, 0x0000000747000000|100%| O|  |TAMS 0x0000000746e00000| PB 0x0000000746e00000| Untracked 
|  56|0x0000000747000000, 0x0000000747200000, 0x0000000747200000|100%| O|  |TAMS 0x0000000747000000| PB 0x0000000747000000| Untracked 
|  57|0x0000000747200000, 0x0000000747400000, 0x0000000747400000|100%| O|  |TAMS 0x0000000747200000| PB 0x0000000747200000| Untracked 
|  58|0x0000000747400000, 0x0000000747600000, 0x0000000747600000|100%| O|  |TAMS 0x0000000747400000| PB 0x0000000747400000| Untracked 
|  59|0x0000000747600000, 0x0000000747800000, 0x0000000747800000|100%| O|  |TAMS 0x0000000747600000| PB 0x0000000747600000| Untracked 
|  60|0x0000000747800000, 0x0000000747a00000, 0x0000000747a00000|100%| O|  |TAMS 0x0000000747800000| PB 0x0000000747800000| Untracked 
|  61|0x0000000747a00000, 0x0000000747c00000, 0x0000000747c00000|100%| O|  |TAMS 0x0000000747a00000| PB 0x0000000747a00000| Untracked 
|  62|0x0000000747c00000, 0x0000000747e00000, 0x0000000747e00000|100%| O|  |TAMS 0x0000000747c00000| PB 0x0000000747c00000| Untracked 
|  63|0x0000000747e00000, 0x0000000748000000, 0x0000000748000000|100%| O|  |TAMS 0x0000000747e00000| PB 0x0000000747e00000| Untracked 
|  64|0x0000000748000000, 0x0000000748200000, 0x0000000748200000|100%| O|  |TAMS 0x0000000748000000| PB 0x0000000748000000| Untracked 
|  65|0x0000000748200000, 0x0000000748400000, 0x0000000748400000|100%| O|  |TAMS 0x0000000748200000| PB 0x0000000748200000| Untracked 
|  66|0x0000000748400000, 0x0000000748600000, 0x0000000748600000|100%| O|  |TAMS 0x0000000748400000| PB 0x0000000748400000| Untracked 
|  67|0x0000000748600000, 0x0000000748800000, 0x0000000748800000|100%| O|  |TAMS 0x0000000748600000| PB 0x0000000748600000| Untracked 
|  68|0x0000000748800000, 0x0000000748a00000, 0x0000000748a00000|100%| O|  |TAMS 0x0000000748800000| PB 0x0000000748800000| Untracked 
|  69|0x0000000748a00000, 0x0000000748c00000, 0x0000000748c00000|100%| O|  |TAMS 0x0000000748a00000| PB 0x0000000748a00000| Untracked 
|  70|0x0000000748c00000, 0x0000000748e00000, 0x0000000748e00000|100%| O|  |TAMS 0x0000000748c00000| PB 0x0000000748c00000| Untracked 
|  71|0x0000000748e00000, 0x0000000749000000, 0x0000000749000000|100%| O|  |TAMS 0x0000000748e00000| PB 0x0000000748e00000| Untracked 
|  72|0x0000000749000000, 0x0000000749200000, 0x0000000749200000|100%| O|  |TAMS 0x0000000749000000| PB 0x0000000749000000| Untracked 
|  73|0x0000000749200000, 0x0000000749400000, 0x0000000749400000|100%| O|  |TAMS 0x0000000749200000| PB 0x0000000749200000| Untracked 
|  74|0x0000000749400000, 0x0000000749600000, 0x0000000749600000|100%|HS|  |TAMS 0x0000000749400000| PB 0x0000000749400000| Complete 
|  75|0x0000000749600000, 0x0000000749800000, 0x0000000749800000|100%|HC|  |TAMS 0x0000000749600000| PB 0x0000000749600000| Complete 
|  76|0x0000000749800000, 0x0000000749a00000, 0x0000000749a00000|100%|HC|  |TAMS 0x0000000749800000| PB 0x0000000749800000| Complete 
|  77|0x0000000749a00000, 0x0000000749c00000, 0x0000000749c00000|100%| O|  |TAMS 0x0000000749a00000| PB 0x0000000749a00000| Untracked 
|  78|0x0000000749c00000, 0x0000000749e00000, 0x0000000749e00000|100%| O|  |TAMS 0x0000000749c00000| PB 0x0000000749c00000| Untracked 
|  79|0x0000000749e00000, 0x000000074a000000, 0x000000074a000000|100%| O|  |TAMS 0x0000000749e00000| PB 0x0000000749e00000| Untracked 
|  80|0x000000074a000000, 0x000000074a200000, 0x000000074a200000|100%| O|  |TAMS 0x000000074a000000| PB 0x000000074a000000| Untracked 
|  81|0x000000074a200000, 0x000000074a400000, 0x000000074a400000|100%|HS|  |TAMS 0x000000074a200000| PB 0x000000074a200000| Complete 
|  82|0x000000074a400000, 0x000000074a600000, 0x000000074a600000|100%|HS|  |TAMS 0x000000074a400000| PB 0x000000074a400000| Complete 
|  83|0x000000074a600000, 0x000000074a800000, 0x000000074a800000|100%|HC|  |TAMS 0x000000074a600000| PB 0x000000074a600000| Complete 
|  84|0x000000074a800000, 0x000000074aa00000, 0x000000074aa00000|100%| O|  |TAMS 0x000000074a800000| PB 0x000000074a800000| Untracked 
|  85|0x000000074aa00000, 0x000000074ac00000, 0x000000074ac00000|100%| O|  |TAMS 0x000000074aa00000| PB 0x000000074aa00000| Untracked 
|  86|0x000000074ac00000, 0x000000074ae00000, 0x000000074ae00000|100%| O|  |TAMS 0x000000074ac00000| PB 0x000000074ac00000| Untracked 
|  87|0x000000074ae00000, 0x000000074b000000, 0x000000074b000000|100%| O|  |TAMS 0x000000074ae00000| PB 0x000000074ae00000| Untracked 
|  88|0x000000074b000000, 0x000000074b200000, 0x000000074b200000|100%| O|  |TAMS 0x000000074b000000| PB 0x000000074b000000| Untracked 
|  89|0x000000074b200000, 0x000000074b400000, 0x000000074b400000|100%| O|  |TAMS 0x000000074b200000| PB 0x000000074b200000| Untracked 
|  90|0x000000074b400000, 0x000000074b600000, 0x000000074b600000|100%| O|  |TAMS 0x000000074b400000| PB 0x000000074b400000| Untracked 
|  91|0x000000074b600000, 0x000000074b800000, 0x000000074b800000|100%|HS|  |TAMS 0x000000074b600000| PB 0x000000074b600000| Complete 
|  92|0x000000074b800000, 0x000000074ba00000, 0x000000074ba00000|100%| O|  |TAMS 0x000000074b800000| PB 0x000000074b800000| Untracked 
|  93|0x000000074ba00000, 0x000000074ba00000, 0x000000074bc00000|  0%| F|  |TAMS 0x000000074ba00000| PB 0x000000074ba00000| Untracked 
|  94|0x000000074bc00000, 0x000000074be00000, 0x000000074be00000|100%| O|  |TAMS 0x000000074bc00000| PB 0x000000074bc00000| Untracked 
|  95|0x000000074be00000, 0x000000074c000000, 0x000000074c000000|100%| O|  |TAMS 0x000000074be00000| PB 0x000000074be00000| Untracked 
|  96|0x000000074c000000, 0x000000074c200000, 0x000000074c200000|100%| O|  |TAMS 0x000000074c000000| PB 0x000000074c000000| Untracked 
|  97|0x000000074c200000, 0x000000074c400000, 0x000000074c400000|100%| O|  |TAMS 0x000000074c200000| PB 0x000000074c200000| Untracked 
|  98|0x000000074c400000, 0x000000074c600000, 0x000000074c600000|100%| O|  |TAMS 0x000000074c400000| PB 0x000000074c400000| Untracked 
|  99|0x000000074c600000, 0x000000074c800000, 0x000000074c800000|100%| O|  |TAMS 0x000000074c600000| PB 0x000000074c600000| Untracked 
| 100|0x000000074c800000, 0x000000074ca00000, 0x000000074ca00000|100%| O|  |TAMS 0x000000074c800000| PB 0x000000074c800000| Untracked 
| 101|0x000000074ca00000, 0x000000074cc00000, 0x000000074cc00000|100%| O|  |TAMS 0x000000074ca00000| PB 0x000000074ca00000| Untracked 
| 102|0x000000074cc00000, 0x000000074cc00000, 0x000000074ce00000|  0%| F|  |TAMS 0x000000074cc00000| PB 0x000000074cc00000| Untracked 
| 103|0x000000074ce00000, 0x000000074d000000, 0x000000074d000000|100%| O|  |TAMS 0x000000074ce00000| PB 0x000000074ce00000| Untracked 
| 104|0x000000074d000000, 0x000000074d000000, 0x000000074d200000|  0%| F|  |TAMS 0x000000074d000000| PB 0x000000074d000000| Untracked 
| 105|0x000000074d200000, 0x000000074d400000, 0x000000074d400000|100%| O|  |TAMS 0x000000074d200000| PB 0x000000074d200000| Untracked 
| 106|0x000000074d400000, 0x000000074d600000, 0x000000074d600000|100%| O|  |TAMS 0x000000074d400000| PB 0x000000074d400000| Untracked 
| 107|0x000000074d600000, 0x000000074d800000, 0x000000074d800000|100%| O|  |TAMS 0x000000074d600000| PB 0x000000074d600000| Untracked 
| 108|0x000000074d800000, 0x000000074da00000, 0x000000074da00000|100%| O|  |TAMS 0x000000074d800000| PB 0x000000074d800000| Untracked 
| 109|0x000000074da00000, 0x000000074dc00000, 0x000000074dc00000|100%| O|  |TAMS 0x000000074da00000| PB 0x000000074da00000| Untracked 
| 110|0x000000074dc00000, 0x000000074de00000, 0x000000074de00000|100%| O|  |TAMS 0x000000074dc00000| PB 0x000000074dc00000| Untracked 
| 111|0x000000074de00000, 0x000000074de00000, 0x000000074e000000|  0%| F|  |TAMS 0x000000074de00000| PB 0x000000074de00000| Untracked 
| 112|0x000000074e000000, 0x000000074e200000, 0x000000074e200000|100%| O|  |TAMS 0x000000074e000000| PB 0x000000074e000000| Untracked 
| 113|0x000000074e200000, 0x000000074e400000, 0x000000074e400000|100%| O|  |TAMS 0x000000074e200000| PB 0x000000074e200000| Untracked 
| 114|0x000000074e400000, 0x000000074e600000, 0x000000074e600000|100%| O|  |TAMS 0x000000074e400000| PB 0x000000074e400000| Untracked 
| 115|0x000000074e600000, 0x000000074e6477d8, 0x000000074e800000| 13%| O|  |TAMS 0x000000074e600000| PB 0x000000074e600000| Untracked 
| 116|0x000000074e800000, 0x000000074ea00000, 0x000000074ea00000|100%| O|  |TAMS 0x000000074e800000| PB 0x000000074e800000| Untracked 
| 117|0x000000074ea00000, 0x000000074ec00000, 0x000000074ec00000|100%| O|  |TAMS 0x000000074ea00000| PB 0x000000074ea00000| Untracked 
| 118|0x000000074ec00000, 0x000000074ee00000, 0x000000074ee00000|100%| O|  |TAMS 0x000000074ec00000| PB 0x000000074ec00000| Untracked 
| 119|0x000000074ee00000, 0x000000074f000000, 0x000000074f000000|100%| O|  |TAMS 0x000000074ee00000| PB 0x000000074ee00000| Untracked 
| 120|0x000000074f000000, 0x000000074f000000, 0x000000074f200000|  0%| F|  |TAMS 0x000000074f000000| PB 0x000000074f000000| Untracked 
| 121|0x000000074f200000, 0x000000074f200000, 0x000000074f400000|  0%| F|  |TAMS 0x000000074f200000| PB 0x000000074f200000| Untracked 
| 122|0x000000074f400000, 0x000000074f600000, 0x000000074f600000|100%| O|  |TAMS 0x000000074f400000| PB 0x000000074f400000| Untracked 
| 123|0x000000074f600000, 0x000000074f800000, 0x000000074f800000|100%| O|  |TAMS 0x000000074f600000| PB 0x000000074f600000| Untracked 
| 124|0x000000074f800000, 0x000000074fa00000, 0x000000074fa00000|100%| O|  |TAMS 0x000000074f800000| PB 0x000000074f800000| Untracked 
| 125|0x000000074fa00000, 0x000000074fa00000, 0x000000074fc00000|  0%| F|  |TAMS 0x000000074fa00000| PB 0x000000074fa00000| Untracked 
| 126|0x000000074fc00000, 0x000000074fc00000, 0x000000074fe00000|  0%| F|  |TAMS 0x000000074fc00000| PB 0x000000074fc00000| Untracked 
| 127|0x000000074fe00000, 0x000000074fe00000, 0x0000000750000000|  0%| F|  |TAMS 0x000000074fe00000| PB 0x000000074fe00000| Untracked 
| 128|0x0000000750000000, 0x0000000750000000, 0x0000000750200000|  0%| F|  |TAMS 0x0000000750000000| PB 0x0000000750000000| Untracked 
| 129|0x0000000750200000, 0x0000000750200000, 0x0000000750400000|  0%| F|  |TAMS 0x0000000750200000| PB 0x0000000750200000| Untracked 
| 130|0x0000000750400000, 0x0000000750400000, 0x0000000750600000|  0%| F|  |TAMS 0x0000000750400000| PB 0x0000000750400000| Untracked 
| 131|0x0000000750600000, 0x0000000750600000, 0x0000000750800000|  0%| F|  |TAMS 0x0000000750600000| PB 0x0000000750600000| Untracked 
| 132|0x0000000750800000, 0x0000000750800000, 0x0000000750a00000|  0%| F|  |TAMS 0x0000000750800000| PB 0x0000000750800000| Untracked 
| 133|0x0000000750a00000, 0x0000000750a77280, 0x0000000750c00000| 23%| S|CS|TAMS 0x0000000750a00000| PB 0x0000000750a00000| Complete 
| 134|0x0000000750c00000, 0x0000000750e00000, 0x0000000750e00000|100%| S|CS|TAMS 0x0000000750c00000| PB 0x0000000750c00000| Complete 
| 135|0x0000000750e00000, 0x0000000751000000, 0x0000000751000000|100%| S|CS|TAMS 0x0000000750e00000| PB 0x0000000750e00000| Complete 
| 136|0x0000000751000000, 0x0000000751200000, 0x0000000751200000|100%| S|CS|TAMS 0x0000000751000000| PB 0x0000000751000000| Complete 
| 137|0x0000000751200000, 0x0000000751400000, 0x0000000751400000|100%| S|CS|TAMS 0x0000000751200000| PB 0x0000000751200000| Complete 
| 138|0x0000000751400000, 0x0000000751600000, 0x0000000751600000|100%| S|CS|TAMS 0x0000000751400000| PB 0x0000000751400000| Complete 
| 139|0x0000000751600000, 0x0000000751800000, 0x0000000751800000|100%| S|CS|TAMS 0x0000000751600000| PB 0x0000000751600000| Complete 
| 140|0x0000000751800000, 0x0000000751a00000, 0x0000000751a00000|100%| S|CS|TAMS 0x0000000751800000| PB 0x0000000751800000| Complete 
| 141|0x0000000751a00000, 0x0000000751c00000, 0x0000000751c00000|100%| S|CS|TAMS 0x0000000751a00000| PB 0x0000000751a00000| Complete 
| 142|0x0000000751c00000, 0x0000000751c00000, 0x0000000751e00000|  0%| F|  |TAMS 0x0000000751c00000| PB 0x0000000751c00000| Untracked 
| 143|0x0000000751e00000, 0x0000000751e00000, 0x0000000752000000|  0%| F|  |TAMS 0x0000000751e00000| PB 0x0000000751e00000| Untracked 
| 144|0x0000000752000000, 0x0000000752000000, 0x0000000752200000|  0%| F|  |TAMS 0x0000000752000000| PB 0x0000000752000000| Untracked 
| 145|0x0000000752200000, 0x0000000752200000, 0x0000000752400000|  0%| F|  |TAMS 0x0000000752200000| PB 0x0000000752200000| Untracked 
| 146|0x0000000752400000, 0x0000000752400000, 0x0000000752600000|  0%| F|  |TAMS 0x0000000752400000| PB 0x0000000752400000| Untracked 
| 147|0x0000000752600000, 0x0000000752600000, 0x0000000752800000|  0%| F|  |TAMS 0x0000000752600000| PB 0x0000000752600000| Untracked 
| 148|0x0000000752800000, 0x0000000752800000, 0x0000000752a00000|  0%| F|  |TAMS 0x0000000752800000| PB 0x0000000752800000| Untracked 
| 149|0x0000000752a00000, 0x0000000752a00000, 0x0000000752c00000|  0%| F|  |TAMS 0x0000000752a00000| PB 0x0000000752a00000| Untracked 
| 150|0x0000000752c00000, 0x0000000752c00000, 0x0000000752e00000|  0%| F|  |TAMS 0x0000000752c00000| PB 0x0000000752c00000| Untracked 
| 151|0x0000000752e00000, 0x0000000752e00000, 0x0000000753000000|  0%| F|  |TAMS 0x0000000752e00000| PB 0x0000000752e00000| Untracked 
| 152|0x0000000753000000, 0x0000000753000000, 0x0000000753200000|  0%| F|  |TAMS 0x0000000753000000| PB 0x0000000753000000| Untracked 
| 153|0x0000000753200000, 0x0000000753200000, 0x0000000753400000|  0%| F|  |TAMS 0x0000000753200000| PB 0x0000000753200000| Untracked 
| 154|0x0000000753400000, 0x0000000753400000, 0x0000000753600000|  0%| F|  |TAMS 0x0000000753400000| PB 0x0000000753400000| Untracked 
| 155|0x0000000753600000, 0x0000000753600000, 0x0000000753800000|  0%| F|  |TAMS 0x0000000753600000| PB 0x0000000753600000| Untracked 
| 156|0x0000000753800000, 0x0000000753800000, 0x0000000753a00000|  0%| F|  |TAMS 0x0000000753800000| PB 0x0000000753800000| Untracked 
| 157|0x0000000753a00000, 0x0000000753a00000, 0x0000000753c00000|  0%| F|  |TAMS 0x0000000753a00000| PB 0x0000000753a00000| Untracked 
| 158|0x0000000753c00000, 0x0000000753c00000, 0x0000000753e00000|  0%| F|  |TAMS 0x0000000753c00000| PB 0x0000000753c00000| Untracked 
| 159|0x0000000753e00000, 0x0000000753e00000, 0x0000000754000000|  0%| F|  |TAMS 0x0000000753e00000| PB 0x0000000753e00000| Untracked 
| 160|0x0000000754000000, 0x0000000754000000, 0x0000000754200000|  0%| F|  |TAMS 0x0000000754000000| PB 0x0000000754000000| Untracked 
| 161|0x0000000754200000, 0x0000000754200000, 0x0000000754400000|  0%| F|  |TAMS 0x0000000754200000| PB 0x0000000754200000| Untracked 
| 162|0x0000000754400000, 0x0000000754400000, 0x0000000754600000|  0%| F|  |TAMS 0x0000000754400000| PB 0x0000000754400000| Untracked 
| 163|0x0000000754600000, 0x0000000754600000, 0x0000000754800000|  0%| F|  |TAMS 0x0000000754600000| PB 0x0000000754600000| Untracked 
| 164|0x0000000754800000, 0x0000000754800000, 0x0000000754a00000|  0%| F|  |TAMS 0x0000000754800000| PB 0x0000000754800000| Untracked 
| 165|0x0000000754a00000, 0x0000000754a00000, 0x0000000754c00000|  0%| F|  |TAMS 0x0000000754a00000| PB 0x0000000754a00000| Untracked 
| 166|0x0000000754c00000, 0x0000000754c00000, 0x0000000754e00000|  0%| F|  |TAMS 0x0000000754c00000| PB 0x0000000754c00000| Untracked 
| 167|0x0000000754e00000, 0x0000000754e00000, 0x0000000755000000|  0%| F|  |TAMS 0x0000000754e00000| PB 0x0000000754e00000| Untracked 
| 168|0x0000000755000000, 0x0000000755000000, 0x0000000755200000|  0%| F|  |TAMS 0x0000000755000000| PB 0x0000000755000000| Untracked 
| 169|0x0000000755200000, 0x0000000755200000, 0x0000000755400000|  0%| F|  |TAMS 0x0000000755200000| PB 0x0000000755200000| Untracked 
| 170|0x0000000755400000, 0x0000000755400000, 0x0000000755600000|  0%| F|  |TAMS 0x0000000755400000| PB 0x0000000755400000| Untracked 
| 171|0x0000000755600000, 0x0000000755600000, 0x0000000755800000|  0%| F|  |TAMS 0x0000000755600000| PB 0x0000000755600000| Untracked 
| 172|0x0000000755800000, 0x0000000755800000, 0x0000000755a00000|  0%| F|  |TAMS 0x0000000755800000| PB 0x0000000755800000| Untracked 
| 173|0x0000000755a00000, 0x0000000755a00000, 0x0000000755c00000|  0%| F|  |TAMS 0x0000000755a00000| PB 0x0000000755a00000| Untracked 
| 174|0x0000000755c00000, 0x0000000755c00000, 0x0000000755e00000|  0%| F|  |TAMS 0x0000000755c00000| PB 0x0000000755c00000| Untracked 
| 175|0x0000000755e00000, 0x0000000755e00000, 0x0000000756000000|  0%| F|  |TAMS 0x0000000755e00000| PB 0x0000000755e00000| Untracked 
| 176|0x0000000756000000, 0x0000000756000000, 0x0000000756200000|  0%| F|  |TAMS 0x0000000756000000| PB 0x0000000756000000| Untracked 
| 177|0x0000000756200000, 0x0000000756200000, 0x0000000756400000|  0%| F|  |TAMS 0x0000000756200000| PB 0x0000000756200000| Untracked 
| 178|0x0000000756400000, 0x0000000756400000, 0x0000000756600000|  0%| F|  |TAMS 0x0000000756400000| PB 0x0000000756400000| Untracked 
| 179|0x0000000756600000, 0x0000000756600000, 0x0000000756800000|  0%| F|  |TAMS 0x0000000756600000| PB 0x0000000756600000| Untracked 
| 180|0x0000000756800000, 0x0000000756800000, 0x0000000756a00000|  0%| F|  |TAMS 0x0000000756800000| PB 0x0000000756800000| Untracked 
| 181|0x0000000756a00000, 0x0000000756a00000, 0x0000000756c00000|  0%| F|  |TAMS 0x0000000756a00000| PB 0x0000000756a00000| Untracked 
| 182|0x0000000756c00000, 0x0000000756c00000, 0x0000000756e00000|  0%| F|  |TAMS 0x0000000756c00000| PB 0x0000000756c00000| Untracked 
| 183|0x0000000756e00000, 0x0000000756e00000, 0x0000000757000000|  0%| F|  |TAMS 0x0000000756e00000| PB 0x0000000756e00000| Untracked 
| 184|0x0000000757000000, 0x0000000757000000, 0x0000000757200000|  0%| F|  |TAMS 0x0000000757000000| PB 0x0000000757000000| Untracked 
| 185|0x0000000757200000, 0x0000000757200000, 0x0000000757400000|  0%| F|  |TAMS 0x0000000757200000| PB 0x0000000757200000| Untracked 
| 186|0x0000000757400000, 0x0000000757400000, 0x0000000757600000|  0%| F|  |TAMS 0x0000000757400000| PB 0x0000000757400000| Untracked 
| 187|0x0000000757600000, 0x0000000757693bf8, 0x0000000757800000| 28%| E|  |TAMS 0x0000000757600000| PB 0x0000000757600000| Complete 
| 188|0x0000000757800000, 0x0000000757a00000, 0x0000000757a00000|100%| E|CS|TAMS 0x0000000757800000| PB 0x0000000757800000| Complete 
| 189|0x0000000757a00000, 0x0000000757c00000, 0x0000000757c00000|100%| E|CS|TAMS 0x0000000757a00000| PB 0x0000000757a00000| Complete 
| 190|0x0000000757c00000, 0x0000000757e00000, 0x0000000757e00000|100%| E|  |TAMS 0x0000000757c00000| PB 0x0000000757c00000| Complete 
| 191|0x0000000757e00000, 0x0000000758000000, 0x0000000758000000|100%| E|CS|TAMS 0x0000000757e00000| PB 0x0000000757e00000| Complete 
| 192|0x0000000758000000, 0x0000000758200000, 0x0000000758200000|100%| E|CS|TAMS 0x0000000758000000| PB 0x0000000758000000| Complete 
| 193|0x0000000758200000, 0x0000000758400000, 0x0000000758400000|100%| E|CS|TAMS 0x0000000758200000| PB 0x0000000758200000| Complete 
| 194|0x0000000758400000, 0x0000000758600000, 0x0000000758600000|100%| E|CS|TAMS 0x0000000758400000| PB 0x0000000758400000| Complete 
| 195|0x0000000758600000, 0x0000000758800000, 0x0000000758800000|100%| E|CS|TAMS 0x0000000758600000| PB 0x0000000758600000| Complete 
| 196|0x0000000758800000, 0x0000000758a00000, 0x0000000758a00000|100%| E|CS|TAMS 0x0000000758800000| PB 0x0000000758800000| Complete 
| 197|0x0000000758a00000, 0x0000000758c00000, 0x0000000758c00000|100%| E|CS|TAMS 0x0000000758a00000| PB 0x0000000758a00000| Complete 
| 198|0x0000000758c00000, 0x0000000758e00000, 0x0000000758e00000|100%| E|CS|TAMS 0x0000000758c00000| PB 0x0000000758c00000| Complete 
| 199|0x0000000758e00000, 0x0000000759000000, 0x0000000759000000|100%| E|CS|TAMS 0x0000000758e00000| PB 0x0000000758e00000| Complete 
| 200|0x0000000759000000, 0x0000000759200000, 0x0000000759200000|100%| E|CS|TAMS 0x0000000759000000| PB 0x0000000759000000| Complete 
| 201|0x0000000759200000, 0x0000000759400000, 0x0000000759400000|100%| E|CS|TAMS 0x0000000759200000| PB 0x0000000759200000| Complete 
| 202|0x0000000759400000, 0x0000000759600000, 0x0000000759600000|100%| E|CS|TAMS 0x0000000759400000| PB 0x0000000759400000| Complete 
| 203|0x0000000759600000, 0x0000000759800000, 0x0000000759800000|100%| E|CS|TAMS 0x0000000759600000| PB 0x0000000759600000| Complete 
| 204|0x0000000759800000, 0x0000000759a00000, 0x0000000759a00000|100%| E|CS|TAMS 0x0000000759800000| PB 0x0000000759800000| Complete 
| 205|0x0000000759a00000, 0x0000000759c00000, 0x0000000759c00000|100%| E|CS|TAMS 0x0000000759a00000| PB 0x0000000759a00000| Complete 
| 206|0x0000000759c00000, 0x0000000759e00000, 0x0000000759e00000|100%| E|CS|TAMS 0x0000000759c00000| PB 0x0000000759c00000| Complete 
| 207|0x0000000759e00000, 0x000000075a000000, 0x000000075a000000|100%| E|CS|TAMS 0x0000000759e00000| PB 0x0000000759e00000| Complete 
| 208|0x000000075a000000, 0x000000075a200000, 0x000000075a200000|100%| E|CS|TAMS 0x000000075a000000| PB 0x000000075a000000| Complete 
| 209|0x000000075a200000, 0x000000075a400000, 0x000000075a400000|100%| E|CS|TAMS 0x000000075a200000| PB 0x000000075a200000| Complete 
| 210|0x000000075a400000, 0x000000075a600000, 0x000000075a600000|100%| E|CS|TAMS 0x000000075a400000| PB 0x000000075a400000| Complete 
| 211|0x000000075a600000, 0x000000075a800000, 0x000000075a800000|100%| E|CS|TAMS 0x000000075a600000| PB 0x000000075a600000| Complete 
| 212|0x000000075a800000, 0x000000075aa00000, 0x000000075aa00000|100%| E|CS|TAMS 0x000000075a800000| PB 0x000000075a800000| Complete 
| 213|0x000000075aa00000, 0x000000075ac00000, 0x000000075ac00000|100%| E|CS|TAMS 0x000000075aa00000| PB 0x000000075aa00000| Complete 
| 214|0x000000075ac00000, 0x000000075ae00000, 0x000000075ae00000|100%| E|CS|TAMS 0x000000075ac00000| PB 0x000000075ac00000| Complete 
| 215|0x000000075ae00000, 0x000000075b000000, 0x000000075b000000|100%| E|CS|TAMS 0x000000075ae00000| PB 0x000000075ae00000| Complete 
| 216|0x000000075b000000, 0x000000075b200000, 0x000000075b200000|100%| E|CS|TAMS 0x000000075b000000| PB 0x000000075b000000| Complete 
| 217|0x000000075b200000, 0x000000075b400000, 0x000000075b400000|100%| E|CS|TAMS 0x000000075b200000| PB 0x000000075b200000| Complete 
| 218|0x000000075b400000, 0x000000075b600000, 0x000000075b600000|100%| E|CS|TAMS 0x000000075b400000| PB 0x000000075b400000| Complete 
| 219|0x000000075b600000, 0x000000075b800000, 0x000000075b800000|100%| E|CS|TAMS 0x000000075b600000| PB 0x000000075b600000| Complete 
| 220|0x000000075b800000, 0x000000075ba00000, 0x000000075ba00000|100%| E|CS|TAMS 0x000000075b800000| PB 0x000000075b800000| Complete 
| 221|0x000000075ba00000, 0x000000075bc00000, 0x000000075bc00000|100%| E|CS|TAMS 0x000000075ba00000| PB 0x000000075ba00000| Complete 
| 222|0x000000075bc00000, 0x000000075be00000, 0x000000075be00000|100%| E|CS|TAMS 0x000000075bc00000| PB 0x000000075bc00000| Complete 
| 223|0x000000075be00000, 0x000000075c000000, 0x000000075c000000|100%| E|CS|TAMS 0x000000075be00000| PB 0x000000075be00000| Complete 
| 224|0x000000075c000000, 0x000000075c200000, 0x000000075c200000|100%| E|CS|TAMS 0x000000075c000000| PB 0x000000075c000000| Complete 
| 225|0x000000075c200000, 0x000000075c400000, 0x000000075c400000|100%| E|CS|TAMS 0x000000075c200000| PB 0x000000075c200000| Complete 
| 226|0x000000075c400000, 0x000000075c600000, 0x000000075c600000|100%| E|CS|TAMS 0x000000075c400000| PB 0x000000075c400000| Complete 
| 227|0x000000075c600000, 0x000000075c800000, 0x000000075c800000|100%| E|CS|TAMS 0x000000075c600000| PB 0x000000075c600000| Complete 
| 228|0x000000075c800000, 0x000000075ca00000, 0x000000075ca00000|100%| E|CS|TAMS 0x000000075c800000| PB 0x000000075c800000| Complete 
| 229|0x000000075ca00000, 0x000000075cc00000, 0x000000075cc00000|100%| E|CS|TAMS 0x000000075ca00000| PB 0x000000075ca00000| Complete 
| 230|0x000000075cc00000, 0x000000075ce00000, 0x000000075ce00000|100%| E|CS|TAMS 0x000000075cc00000| PB 0x000000075cc00000| Complete 
| 231|0x000000075ce00000, 0x000000075d000000, 0x000000075d000000|100%| E|CS|TAMS 0x000000075ce00000| PB 0x000000075ce00000| Complete 
| 232|0x000000075d000000, 0x000000075d200000, 0x000000075d200000|100%| E|CS|TAMS 0x000000075d000000| PB 0x000000075d000000| Complete 
| 233|0x000000075d200000, 0x000000075d400000, 0x000000075d400000|100%| E|CS|TAMS 0x000000075d200000| PB 0x000000075d200000| Complete 
| 234|0x000000075d400000, 0x000000075d600000, 0x000000075d600000|100%| E|CS|TAMS 0x000000075d400000| PB 0x000000075d400000| Complete 
| 235|0x000000075d600000, 0x000000075d800000, 0x000000075d800000|100%| E|CS|TAMS 0x000000075d600000| PB 0x000000075d600000| Complete 
| 236|0x000000075d800000, 0x000000075da00000, 0x000000075da00000|100%| E|CS|TAMS 0x000000075d800000| PB 0x000000075d800000| Complete 
| 237|0x000000075da00000, 0x000000075dc00000, 0x000000075dc00000|100%| E|CS|TAMS 0x000000075da00000| PB 0x000000075da00000| Complete 
| 238|0x000000075dc00000, 0x000000075de00000, 0x000000075de00000|100%| E|CS|TAMS 0x000000075dc00000| PB 0x000000075dc00000| Complete 
| 239|0x000000075de00000, 0x000000075e000000, 0x000000075e000000|100%| E|CS|TAMS 0x000000075de00000| PB 0x000000075de00000| Complete 
| 240|0x000000075e000000, 0x000000075e200000, 0x000000075e200000|100%| E|CS|TAMS 0x000000075e000000| PB 0x000000075e000000| Complete 
| 241|0x000000075e200000, 0x000000075e400000, 0x000000075e400000|100%| E|CS|TAMS 0x000000075e200000| PB 0x000000075e200000| Complete 
| 242|0x000000075e400000, 0x000000075e600000, 0x000000075e600000|100%| E|CS|TAMS 0x000000075e400000| PB 0x000000075e400000| Complete 
| 243|0x000000075e600000, 0x000000075e800000, 0x000000075e800000|100%| E|CS|TAMS 0x000000075e600000| PB 0x000000075e600000| Complete 
| 244|0x000000075e800000, 0x000000075ea00000, 0x000000075ea00000|100%| E|CS|TAMS 0x000000075e800000| PB 0x000000075e800000| Complete 
| 245|0x000000075ea00000, 0x000000075ec00000, 0x000000075ec00000|100%| E|CS|TAMS 0x000000075ea00000| PB 0x000000075ea00000| Complete 
| 246|0x000000075ec00000, 0x000000075ee00000, 0x000000075ee00000|100%| E|CS|TAMS 0x000000075ec00000| PB 0x000000075ec00000| Complete 
| 247|0x000000075ee00000, 0x000000075f000000, 0x000000075f000000|100%| E|CS|TAMS 0x000000075ee00000| PB 0x000000075ee00000| Complete 
| 248|0x000000075f000000, 0x000000075f200000, 0x000000075f200000|100%| E|CS|TAMS 0x000000075f000000| PB 0x000000075f000000| Complete 
| 249|0x000000075f200000, 0x000000075f400000, 0x000000075f400000|100%| E|CS|TAMS 0x000000075f200000| PB 0x000000075f200000| Complete 
| 250|0x000000075f400000, 0x000000075f600000, 0x000000075f600000|100%| E|CS|TAMS 0x000000075f400000| PB 0x000000075f400000| Complete 
| 251|0x000000075f600000, 0x000000075f800000, 0x000000075f800000|100%| E|CS|TAMS 0x000000075f600000| PB 0x000000075f600000| Complete 
| 252|0x000000075f800000, 0x000000075fa00000, 0x000000075fa00000|100%| E|CS|TAMS 0x000000075f800000| PB 0x000000075f800000| Complete 
| 253|0x000000075fa00000, 0x000000075fc00000, 0x000000075fc00000|100%| E|CS|TAMS 0x000000075fa00000| PB 0x000000075fa00000| Complete 
| 254|0x000000075fc00000, 0x000000075fe00000, 0x000000075fe00000|100%| E|CS|TAMS 0x000000075fc00000| PB 0x000000075fc00000| Complete 
| 255|0x000000075fe00000, 0x0000000760000000, 0x0000000760000000|100%| E|CS|TAMS 0x000000075fe00000| PB 0x000000075fe00000| Complete 
| 256|0x0000000760000000, 0x0000000760200000, 0x0000000760200000|100%| E|CS|TAMS 0x0000000760000000| PB 0x0000000760000000| Complete 
| 257|0x0000000760200000, 0x0000000760400000, 0x0000000760400000|100%| E|CS|TAMS 0x0000000760200000| PB 0x0000000760200000| Complete 
| 258|0x0000000760400000, 0x0000000760600000, 0x0000000760600000|100%| E|CS|TAMS 0x0000000760400000| PB 0x0000000760400000| Complete 
| 259|0x0000000760600000, 0x0000000760800000, 0x0000000760800000|100%| E|CS|TAMS 0x0000000760600000| PB 0x0000000760600000| Complete 
| 260|0x0000000760800000, 0x0000000760a00000, 0x0000000760a00000|100%| E|CS|TAMS 0x0000000760800000| PB 0x0000000760800000| Complete 
| 261|0x0000000760a00000, 0x0000000760c00000, 0x0000000760c00000|100%| E|CS|TAMS 0x0000000760a00000| PB 0x0000000760a00000| Complete 
| 262|0x0000000760c00000, 0x0000000760e00000, 0x0000000760e00000|100%| E|CS|TAMS 0x0000000760c00000| PB 0x0000000760c00000| Complete 
| 263|0x0000000760e00000, 0x0000000761000000, 0x0000000761000000|100%| E|CS|TAMS 0x0000000760e00000| PB 0x0000000760e00000| Complete 
| 264|0x0000000761000000, 0x0000000761200000, 0x0000000761200000|100%| E|CS|TAMS 0x0000000761000000| PB 0x0000000761000000| Complete 
| 265|0x0000000761200000, 0x0000000761400000, 0x0000000761400000|100%| E|CS|TAMS 0x0000000761200000| PB 0x0000000761200000| Complete 
| 266|0x0000000761400000, 0x0000000761600000, 0x0000000761600000|100%| E|CS|TAMS 0x0000000761400000| PB 0x0000000761400000| Complete 
| 267|0x0000000761600000, 0x0000000761800000, 0x0000000761800000|100%| E|CS|TAMS 0x0000000761600000| PB 0x0000000761600000| Complete 
| 268|0x0000000761800000, 0x0000000761a00000, 0x0000000761a00000|100%| E|CS|TAMS 0x0000000761800000| PB 0x0000000761800000| Complete 
| 269|0x0000000761a00000, 0x0000000761c00000, 0x0000000761c00000|100%| E|CS|TAMS 0x0000000761a00000| PB 0x0000000761a00000| Complete 
| 270|0x0000000761c00000, 0x0000000761e00000, 0x0000000761e00000|100%| E|CS|TAMS 0x0000000761c00000| PB 0x0000000761c00000| Complete 
| 271|0x0000000761e00000, 0x0000000762000000, 0x0000000762000000|100%| E|CS|TAMS 0x0000000761e00000| PB 0x0000000761e00000| Complete 
| 272|0x0000000762000000, 0x0000000762200000, 0x0000000762200000|100%| E|CS|TAMS 0x0000000762000000| PB 0x0000000762000000| Complete 
| 273|0x0000000762200000, 0x0000000762400000, 0x0000000762400000|100%| E|CS|TAMS 0x0000000762200000| PB 0x0000000762200000| Complete 
| 274|0x0000000762400000, 0x0000000762600000, 0x0000000762600000|100%| E|CS|TAMS 0x0000000762400000| PB 0x0000000762400000| Complete 
| 275|0x0000000762600000, 0x0000000762800000, 0x0000000762800000|100%| E|CS|TAMS 0x0000000762600000| PB 0x0000000762600000| Complete 
| 276|0x0000000762800000, 0x0000000762a00000, 0x0000000762a00000|100%| E|CS|TAMS 0x0000000762800000| PB 0x0000000762800000| Complete 
| 277|0x0000000762a00000, 0x0000000762c00000, 0x0000000762c00000|100%| E|CS|TAMS 0x0000000762a00000| PB 0x0000000762a00000| Complete 
| 278|0x0000000762c00000, 0x0000000762e00000, 0x0000000762e00000|100%| E|CS|TAMS 0x0000000762c00000| PB 0x0000000762c00000| Complete 
| 279|0x0000000762e00000, 0x0000000763000000, 0x0000000763000000|100%| E|CS|TAMS 0x0000000762e00000| PB 0x0000000762e00000| Complete 
| 280|0x0000000763000000, 0x0000000763200000, 0x0000000763200000|100%| E|CS|TAMS 0x0000000763000000| PB 0x0000000763000000| Complete 
| 281|0x0000000763200000, 0x0000000763400000, 0x0000000763400000|100%| E|CS|TAMS 0x0000000763200000| PB 0x0000000763200000| Complete 
| 282|0x0000000763400000, 0x0000000763600000, 0x0000000763600000|100%| E|CS|TAMS 0x0000000763400000| PB 0x0000000763400000| Complete 
| 283|0x0000000763600000, 0x0000000763800000, 0x0000000763800000|100%| E|CS|TAMS 0x0000000763600000| PB 0x0000000763600000| Complete 
| 284|0x0000000763800000, 0x0000000763a00000, 0x0000000763a00000|100%| E|CS|TAMS 0x0000000763800000| PB 0x0000000763800000| Complete 
| 285|0x0000000763a00000, 0x0000000763c00000, 0x0000000763c00000|100%| E|CS|TAMS 0x0000000763a00000| PB 0x0000000763a00000| Complete 
| 286|0x0000000763c00000, 0x0000000763e00000, 0x0000000763e00000|100%| E|CS|TAMS 0x0000000763c00000| PB 0x0000000763c00000| Complete 
| 287|0x0000000763e00000, 0x0000000764000000, 0x0000000764000000|100%| E|CS|TAMS 0x0000000763e00000| PB 0x0000000763e00000| Complete 
| 288|0x0000000764000000, 0x0000000764200000, 0x0000000764200000|100%| E|CS|TAMS 0x0000000764000000| PB 0x0000000764000000| Complete 
| 289|0x0000000764200000, 0x0000000764400000, 0x0000000764400000|100%| E|CS|TAMS 0x0000000764200000| PB 0x0000000764200000| Complete 
| 290|0x0000000764400000, 0x0000000764600000, 0x0000000764600000|100%| E|CS|TAMS 0x0000000764400000| PB 0x0000000764400000| Complete 
| 291|0x0000000764600000, 0x0000000764800000, 0x0000000764800000|100%| E|CS|TAMS 0x0000000764600000| PB 0x0000000764600000| Complete 
|1532|0x00000007ff800000, 0x00000007ffa00000, 0x00000007ffa00000|100%| O|  |TAMS 0x00000007ff800000| PB 0x00000007ff800000| Untracked 
|1533|0x00000007ffa00000, 0x00000007ffc00000, 0x00000007ffc00000|100%| E|CS|TAMS 0x00000007ffa00000| PB 0x00000007ffa00000| Complete 
|1534|0x00000007ffc00000, 0x00000007ffe00000, 0x00000007ffe00000|100%| O|  |TAMS 0x00000007ffc00000| PB 0x00000007ffc00000| Untracked 
|1535|0x00000007ffe00000, 0x0000000800000000, 0x0000000800000000|100%| O|  |TAMS 0x00000007ffe00000| PB 0x00000007ffe00000| Untracked 

Card table byte_map: [0x000001ad7d980000,0x000001ad7df80000] _byte_map_base: 0x000001ad79f80000

Marking Bits: (CMBitMap*) 0x000001ad7c54bdb0
 Bits: [0x000001ad17660000, 0x000001ad1a660000)

Polling page: 0x000001ad7a1f0000

Metaspace:

Usage:
  Non-class:    181.44 MB used.
      Class:     28.65 MB used.
       Both:    210.09 MB used.

Virtual space:
  Non-class space:      192.00 MB reserved,     182.81 MB ( 95%) committed,  3 nodes.
      Class space:        1.00 GB reserved,      30.06 MB (  3%) committed,  1 nodes.
             Both:        1.19 GB reserved,     212.88 MB ( 18%) committed. 

Chunk freelists:
   Non-Class:  8.77 MB
       Class:  1.88 MB
        Both:  10.64 MB

MaxMetaspaceSize: unlimited
CompressedClassSpaceSize: 1.00 GB
Initial GC threshold: 21.00 MB
Current GC threshold: 332.94 MB
CDS: on
 - commit_granule_bytes: 65536.
 - commit_granule_words: 8192.
 - virtual_space_node_default_size: 8388608.
 - enlarge_chunks_in_place: 1.
 - use_allocation_guard: 0.


Internal statistics:

num_allocs_failed_limit: 6.
num_arena_births: 5524.
num_arena_deaths: 178.
num_vsnodes_births: 4.
num_vsnodes_deaths: 0.
num_space_committed: 3402.
num_space_uncommitted: 0.
num_chunks_returned_to_freelist: 268.
num_chunks_taken_from_freelist: 16644.
num_chunk_merges: 102.
num_chunk_splits: 10192.
num_chunks_enlarged: 5331.
num_inconsistent_stats: 0.

CodeHeap 'non-profiled nmethods': size=119168Kb used=12629Kb max_used=13169Kb free=106538Kb
 bounds [0x000001ad10200000, 0x000001ad10f40000, 0x000001ad17660000]
CodeHeap 'profiled nmethods': size=119104Kb used=44426Kb max_used=47541Kb free=74677Kb
 bounds [0x000001ad08660000, 0x000001ad0b4d0000, 0x000001ad0fab0000]
CodeHeap 'non-nmethods': size=7488Kb used=4031Kb max_used=4075Kb free=3456Kb
 bounds [0x000001ad0fab0000, 0x000001ad0fed0000, 0x000001ad10200000]
CodeCache: size=245760Kb, used=61086Kb, max_used=64785Kb, free=184671Kb
 total_blobs=23222, nmethods=22051, adapters=1070, full_count=0
Compilation: enabled, stopped_count=0, restarted_count=0

Compilation events (20 events):
Event: 54.267 Thread 0x000001ad1aa70c70 32106       3       com.android.utils.PathUtils::toSystemIndependentPath (42 bytes)
Event: 54.268 Thread 0x000001ad1aa70c70 nmethod 32106 0x000001ad0ae61d90 code [0x000001ad0ae61fc0, 0x000001ad0ae62590]
Event: 54.270 Thread 0x000001ad1aa71340 32107       2       com.android.build.gradle.internal.tasks.DexMergingTaskDelegate$Companion::getBucketNumber (171 bytes)
Event: 54.270 Thread 0x000001ad1aa72e80 32108       2       com.android.builder.dexing.DexEntry::<init> (27 bytes)
Event: 54.271 Thread 0x000001ad1aa72e80 nmethod 32108 0x000001ad090b7010 code [0x000001ad090b7240, 0x000001ad090b7768]
Event: 54.271 Thread 0x000001ad1aa71340 nmethod 32107 0x000001ad090b6010 code [0x000001ad090b62c0, 0x000001ad090b6b00]
Event: 54.273 Thread 0x000001ad1aa72e80 32109       2       com.intellij.util.keyFMap.OneElementFMap::plus (64 bytes)
Event: 54.273 Thread 0x000001ad1aa72e80 nmethod 32109 0x000001ad090b5890 code [0x000001ad090b5a80, 0x000001ad090b5ea0]
Event: 54.273 Thread 0x000001ad1aa70c70 32110       3       org.jetbrains.kotlin.psi.stubs.elements.KtUserTypeElementType::createStub (10 bytes)
Event: 54.273 Thread 0x000001ad1aa71340 32111       3       org.jetbrains.kotlin.psi.stubs.elements.KtUserTypeElementType::createStub (19 bytes)
Event: 54.273 Thread 0x000001ad1aa705a0 32112       3       org.jetbrains.kotlin.psi.stubs.impl.KotlinUserTypeStubImpl::<init> (28 bytes)
Event: 54.273 Thread 0x000001ad1aa70c70 nmethod 32110 0x000001ad090b5390 code [0x000001ad090b5540, 0x000001ad090b5788]
Event: 54.274 Thread 0x000001ad1aa71340 nmethod 32111 0x000001ad090b4e90 code [0x000001ad090b5060, 0x000001ad090b5290]
Event: 54.274 Thread 0x000001ad1aa705a0 nmethod 32112 0x000001ad090b4710 code [0x000001ad090b4900, 0x000001ad090b4cd8]
Event: 54.274 Thread 0x000001ad1aa705a0 32113       3       org.jetbrains.kotlin.parsing.KotlinParsing$2::matching (94 bytes)
Event: 54.274 Thread 0x000001ad1aa705a0 nmethod 32113 0x000001ad090b3b10 code [0x000001ad090b3d40, 0x000001ad090b4540]
Event: 54.275 Thread 0x000001ad1aa71340 32114       2       java.util.concurrent.FutureTask::set (30 bytes)
Event: 54.275 Thread 0x000001ad1aa70c70 32115       2       java.lang.invoke.VarHandleInts$FieldInstanceReadWrite::setRelease (28 bytes)
Event: 54.275 Thread 0x000001ad1aa72e80 32116       1       org.gradle.internal.fingerprint.classpath.impl.ClasspathFingerprintingStrategy::access$300 (5 bytes)
Event: 54.277 Thread 0x000001ad1aa705a0 32118       3       org.jetbrains.kotlin.parsing.AbstractKotlinParsing::matchTokenStreamPredicate (274 bytes)

GC Heap History (20 events):
Event: 51.912 GC heap before
{Heap before GC invocations=75 (full 0):
 garbage-first heap   total 419840K, used 386840K [0x0000000740000000, 0x0000000800000000)
  region size 2048K, 70 young (143360K), 7 survivors (14336K)
 Metaspace       used 188263K, committed 191168K, reserved 1245184K
  class space    used 26244K, committed 27712K, reserved 1048576K
}
Event: 51.917 GC heap after
{Heap after GC invocations=76 (full 0):
 garbage-first heap   total 503808K, used 258764K [0x0000000740000000, 0x0000000800000000)
  region size 2048K, 4 young (8192K), 4 survivors (8192K)
 Metaspace       used 188263K, committed 191168K, reserved 1245184K
  class space    used 26244K, committed 27712K, reserved 1048576K
}
Event: 52.058 GC heap before
{Heap before GC invocations=76 (full 0):
 garbage-first heap   total 503808K, used 469708K [0x0000000740000000, 0x0000000800000000)
  region size 2048K, 107 young (219136K), 4 survivors (8192K)
 Metaspace       used 188994K, committed 191936K, reserved 1245184K
  class space    used 26333K, committed 27840K, reserved 1048576K
}
Event: 52.063 GC heap after
{Heap after GC invocations=77 (full 0):
 garbage-first heap   total 503808K, used 259529K [0x0000000740000000, 0x0000000800000000)
  region size 2048K, 5 young (10240K), 5 survivors (10240K)
 Metaspace       used 188994K, committed 191936K, reserved 1245184K
  class space    used 26333K, committed 27840K, reserved 1048576K
}
Event: 52.232 GC heap before
{Heap before GC invocations=77 (full 0):
 garbage-first heap   total 503808K, used 472521K [0x0000000740000000, 0x0000000800000000)
  region size 2048K, 110 young (225280K), 5 survivors (10240K)
 Metaspace       used 190605K, committed 193536K, reserved 1245184K
  class space    used 26503K, committed 27968K, reserved 1048576K
}
Event: 52.235 GC heap after
{Heap after GC invocations=78 (full 0):
 garbage-first heap   total 503808K, used 259488K [0x0000000740000000, 0x0000000800000000)
  region size 2048K, 5 young (10240K), 5 survivors (10240K)
 Metaspace       used 190605K, committed 193536K, reserved 1245184K
  class space    used 26503K, committed 27968K, reserved 1048576K
}
Event: 52.439 GC heap before
{Heap before GC invocations=78 (full 0):
 garbage-first heap   total 503808K, used 474528K [0x0000000740000000, 0x0000000800000000)
  region size 2048K, 111 young (227328K), 5 survivors (10240K)
 Metaspace       used 192020K, committed 195008K, reserved 1245184K
  class space    used 26754K, committed 28224K, reserved 1048576K
}
Event: 52.442 GC heap after
{Heap after GC invocations=79 (full 0):
 garbage-first heap   total 503808K, used 262480K [0x0000000740000000, 0x0000000800000000)
  region size 2048K, 7 young (14336K), 7 survivors (14336K)
 Metaspace       used 192020K, committed 195008K, reserved 1245184K
  class space    used 26754K, committed 28224K, reserved 1048576K
}
Event: 52.698 GC heap before
{Heap before GC invocations=79 (full 0):
 garbage-first heap   total 503808K, used 473424K [0x0000000740000000, 0x0000000800000000)
  region size 2048K, 111 young (227328K), 7 survivors (14336K)
 Metaspace       used 194096K, committed 197056K, reserved 1245184K
  class space    used 27101K, committed 28608K, reserved 1048576K
}
Event: 52.703 GC heap after
{Heap after GC invocations=80 (full 0):
 garbage-first heap   total 503808K, used 268859K [0x0000000740000000, 0x0000000800000000)
  region size 2048K, 10 young (20480K), 10 survivors (20480K)
 Metaspace       used 194096K, committed 197056K, reserved 1245184K
  class space    used 27101K, committed 28608K, reserved 1048576K
}
Event: 52.973 GC heap before
{Heap before GC invocations=81 (full 0):
 garbage-first heap   total 503808K, used 473659K [0x0000000740000000, 0x0000000800000000)
  region size 2048K, 111 young (227328K), 10 survivors (20480K)
 Metaspace       used 196898K, committed 199808K, reserved 1245184K
  class space    used 27590K, committed 29056K, reserved 1048576K
}
Event: 52.978 GC heap after
{Heap after GC invocations=82 (full 0):
 garbage-first heap   total 503808K, used 271840K [0x0000000740000000, 0x0000000800000000)
  region size 2048K, 10 young (20480K), 10 survivors (20480K)
 Metaspace       used 196898K, committed 199808K, reserved 1245184K
  class space    used 27590K, committed 29056K, reserved 1048576K
}
Event: 53.128 GC heap before
{Heap before GC invocations=82 (full 0):
 garbage-first heap   total 503808K, used 474592K [0x0000000740000000, 0x0000000800000000)
  region size 2048K, 109 young (223232K), 10 survivors (20480K)
 Metaspace       used 198811K, committed 201664K, reserved 1245184K
  class space    used 27799K, committed 29248K, reserved 1048576K
}
Event: 53.132 GC heap after
{Heap after GC invocations=83 (full 0):
 garbage-first heap   total 503808K, used 262236K [0x0000000740000000, 0x0000000800000000)
  region size 2048K, 6 young (12288K), 6 survivors (12288K)
 Metaspace       used 198811K, committed 201664K, reserved 1245184K
  class space    used 27799K, committed 29248K, reserved 1048576K
}
Event: 53.250 GC heap before
{Heap before GC invocations=83 (full 0):
 garbage-first heap   total 503808K, used 387164K [0x0000000740000000, 0x0000000800000000)
  region size 2048K, 69 young (141312K), 6 survivors (12288K)
 Metaspace       used 201433K, committed 204288K, reserved 1245184K
  class space    used 27999K, committed 29440K, reserved 1048576K
}
Event: 53.253 GC heap after
{Heap after GC invocations=84 (full 0):
 garbage-first heap   total 503808K, used 263724K [0x0000000740000000, 0x0000000800000000)
  region size 2048K, 7 young (14336K), 7 survivors (14336K)
 Metaspace       used 201433K, committed 204288K, reserved 1245184K
  class space    used 27999K, committed 29440K, reserved 1048576K
}
Event: 53.470 GC heap before
{Heap before GC invocations=85 (full 0):
 garbage-first heap   total 503808K, used 474668K [0x0000000740000000, 0x0000000800000000)
  region size 2048K, 110 young (225280K), 7 survivors (14336K)
 Metaspace       used 204619K, committed 207488K, reserved 1245184K
  class space    used 28352K, committed 29760K, reserved 1048576K
}
Event: 53.474 GC heap after
{Heap after GC invocations=86 (full 0):
 garbage-first heap   total 503808K, used 268692K [0x0000000740000000, 0x0000000800000000)
  region size 2048K, 9 young (18432K), 9 survivors (18432K)
 Metaspace       used 204619K, committed 207488K, reserved 1245184K
  class space    used 28352K, committed 29760K, reserved 1048576K
}
Event: 53.699 GC heap before
{Heap before GC invocations=86 (full 0):
 garbage-first heap   total 503808K, used 473492K [0x0000000740000000, 0x0000000800000000)
  region size 2048K, 110 young (225280K), 9 survivors (18432K)
 Metaspace       used 209376K, committed 212288K, reserved 1245184K
  class space    used 28785K, committed 30272K, reserved 1048576K
}
Event: 53.716 GC heap after
{Heap after GC invocations=87 (full 0):
 garbage-first heap   total 606208K, used 262906K [0x0000000740000000, 0x0000000800000000)
  region size 2048K, 9 young (18432K), 9 survivors (18432K)
 Metaspace       used 209376K, committed 212288K, reserved 1245184K
  class space    used 28785K, committed 30272K, reserved 1048576K
}

Dll operation events (20 events):
Event: 0.067 Attempting to load shared library C:\Program Files\Eclipse Adoptium\jdk-21.0.12.8-hotspot\bin\zip.dll
Event: 0.067 Loaded shared library C:\Program Files\Eclipse Adoptium\jdk-21.0.12.8-hotspot\bin\zip.dll
Event: 0.153 Attempting to load shared library C:\Program Files\Eclipse Adoptium\jdk-21.0.12.8-hotspot\bin\jimage.dll
Event: 0.153 Loaded shared library C:\Program Files\Eclipse Adoptium\jdk-21.0.12.8-hotspot\bin\jimage.dll
Event: 0.283 Attempting to load shared library C:\Program Files\Eclipse Adoptium\jdk-21.0.12.8-hotspot\bin\verify.dll
Event: 0.284 Loaded shared library C:\Program Files\Eclipse Adoptium\jdk-21.0.12.8-hotspot\bin\verify.dll
Event: 0.304 Attempting to load shared library C:\Users\--\.gradle\native\660c5614fbf4a5f2a75b1949f50a0caf5cd603558e7d8a26e50b933a0cfb79d1\windows-amd64\native-platform.dll
Event: 0.305 Loaded shared library C:\Users\--\.gradle\native\660c5614fbf4a5f2a75b1949f50a0caf5cd603558e7d8a26e50b933a0cfb79d1\windows-amd64\native-platform.dll
Event: 0.311 Attempting to load shared library C:\Users\--\.gradle\native\0.2.8\x86_64-windows-gnu\gradle-fileevents.dll
Event: 0.312 Loaded shared library C:\Users\--\.gradle\native\0.2.8\x86_64-windows-gnu\gradle-fileevents.dll
Event: 0.877 Attempting to load shared library C:\Program Files\Eclipse Adoptium\jdk-21.0.12.8-hotspot\bin\management.dll
Event: 0.877 Loaded shared library C:\Program Files\Eclipse Adoptium\jdk-21.0.12.8-hotspot\bin\management.dll
Event: 0.879 Attempting to load shared library C:\Program Files\Eclipse Adoptium\jdk-21.0.12.8-hotspot\bin\management_ext.dll
Event: 0.879 Loaded shared library C:\Program Files\Eclipse Adoptium\jdk-21.0.12.8-hotspot\bin\management_ext.dll
Event: 0.984 Attempting to load shared library C:\Program Files\Eclipse Adoptium\jdk-21.0.12.8-hotspot\bin\extnet.dll
Event: 0.984 Loaded shared library C:\Program Files\Eclipse Adoptium\jdk-21.0.12.8-hotspot\bin\extnet.dll
Event: 1.113 Attempting to load shared library C:\Program Files\Eclipse Adoptium\jdk-21.0.12.8-hotspot\bin\sunmscapi.dll
Event: 1.116 Loaded shared library C:\Program Files\Eclipse Adoptium\jdk-21.0.12.8-hotspot\bin\sunmscapi.dll
Event: 53.249 Attempting to load shared library C:\Program Files\Eclipse Adoptium\jdk-21.0.12.8-hotspot\bin\awt.dll
Event: 53.263 Loaded shared library C:\Program Files\Eclipse Adoptium\jdk-21.0.12.8-hotspot\bin\awt.dll

Deoptimization events (20 events):
Event: 54.193 Thread 0x000001ad6d8c0f20 Uncommon trap: trap_request=0xffffffc6 fr.pc=0x000001ad10cd0844 relative=0x0000000000000164
Event: 54.193 Thread 0x000001ad6d8c0f20 Uncommon trap: reason=bimorphic_or_optimized_type_check action=maybe_recompile pc=0x000001ad10cd0844 method=kotlin.collections.CollectionsKt___CollectionsKt.getOrNull(Ljava/util/List;I)Ljava/lang/Object; @ 35 c2
Event: 54.193 Thread 0x000001ad6d8c0f20 DEOPT PACKING pc=0x000001ad10cd0844 sp=0x000000a0166fb960
Event: 54.193 Thread 0x000001ad6d8c0f20 DEOPT UNPACKING pc=0x000001ad0fb04422 sp=0x000000a0166fb8f8 mode 2
Event: 54.194 Thread 0x000001ad6d8c0f20 Uncommon trap: trap_request=0xffffffc6 fr.pc=0x000001ad10cd0844 relative=0x0000000000000164
Event: 54.194 Thread 0x000001ad6d8c0f20 Uncommon trap: reason=bimorphic_or_optimized_type_check action=maybe_recompile pc=0x000001ad10cd0844 method=kotlin.collections.CollectionsKt___CollectionsKt.getOrNull(Ljava/util/List;I)Ljava/lang/Object; @ 35 c2
Event: 54.194 Thread 0x000001ad6d8c0f20 DEOPT PACKING pc=0x000001ad10cd0844 sp=0x000000a0166fb760
Event: 54.194 Thread 0x000001ad6d8c0f20 DEOPT UNPACKING pc=0x000001ad0fb04422 sp=0x000000a0166fb6f8 mode 2
Event: 54.198 Thread 0x000001ad65acc7f0 Uncommon trap: trap_request=0xffffffc6 fr.pc=0x000001ad1028c30c relative=0x00000000000000cc
Event: 54.198 Thread 0x000001ad65acc7f0 Uncommon trap: reason=bimorphic_or_optimized_type_check action=maybe_recompile pc=0x000001ad1028c30c method=java.util.Optional.flatMap(Ljava/util/function/Function;)Ljava/util/Optional; @ 21 c2
Event: 54.198 Thread 0x000001ad65acc7f0 DEOPT PACKING pc=0x000001ad1028c30c sp=0x000000a0153fcad0
Event: 54.198 Thread 0x000001ad65acc7f0 DEOPT UNPACKING pc=0x000001ad0fb04422 sp=0x000000a0153fca70 mode 2
Event: 54.248 Thread 0x000001ad66691020 Uncommon trap: trap_request=0xfffffff4 fr.pc=0x000001ad109975c4 relative=0x00000000000004c4
Event: 54.248 Thread 0x000001ad66691020 Uncommon trap: reason=null_check action=make_not_entrant pc=0x000001ad109975c4 method=java.io.ObjectStreamClass.getField(Ljava/lang/String;Ljava/lang/Class;)Ljava/io/ObjectStreamField; @ 67 c2
Event: 54.248 Thread 0x000001ad66691020 DEOPT PACKING pc=0x000001ad109975c4 sp=0x000000a017dfd530
Event: 54.248 Thread 0x000001ad66691020 DEOPT UNPACKING pc=0x000001ad0fb04422 sp=0x000000a017dfd468 mode 2
Event: 54.274 Thread 0x000001ad66691020 Uncommon trap: trap_request=0xffffffde fr.pc=0x000001ad103b3a88 relative=0x00000000000008c8
Event: 54.274 Thread 0x000001ad66691020 Uncommon trap: reason=class_check action=maybe_recompile pc=0x000001ad103b3a88 method=java.util.zip.InflaterInputStream.read([BII)I @ 78 c2
Event: 54.274 Thread 0x000001ad66691020 DEOPT PACKING pc=0x000001ad103b3a88 sp=0x000000a017dfdb70
Event: 54.274 Thread 0x000001ad66691020 DEOPT UNPACKING pc=0x000001ad0fb04422 sp=0x000000a017dfdb50 mode 2

Classes loaded (20 events):
Event: 53.370 Loading class java/awt/Queue done
Event: 53.370 Loading class sun/awt/MostRecentKeyValue
Event: 53.370 Loading class sun/awt/MostRecentKeyValue done
Event: 53.370 Loading class sun/awt/PostEventQueue
Event: 53.370 Loading class sun/awt/PostEventQueue done
Event: 53.542 Loading class java/util/TreeMap$AscendingSubMap
Event: 53.542 Loading class java/util/TreeMap$NavigableSubMap
Event: 53.542 Loading class java/util/TreeMap$NavigableSubMap done
Event: 53.542 Loading class java/util/TreeMap$AscendingSubMap done
Event: 53.543 Loading class java/util/TreeMap$AscendingSubMap$AscendingEntrySetView
Event: 53.543 Loading class java/util/TreeMap$NavigableSubMap$EntrySetView
Event: 53.543 Loading class java/util/TreeMap$NavigableSubMap$EntrySetView done
Event: 53.544 Loading class java/util/TreeMap$AscendingSubMap$AscendingEntrySetView done
Event: 53.544 Loading class java/util/TreeMap$NavigableSubMap$SubMapEntryIterator
Event: 53.544 Loading class java/util/TreeMap$NavigableSubMap$SubMapIterator
Event: 53.544 Loading class java/util/TreeMap$NavigableSubMap$SubMapIterator done
Event: 53.544 Loading class java/util/TreeMap$NavigableSubMap$SubMapEntryIterator done
Event: 54.272 Loading class java/io/PushbackInputStream
Event: 54.273 Loading class java/io/PushbackInputStream done
Event: 54.372 Loading class sun/awt/AppContext$PostShutdownEventRunnable

Classes unloaded (20 events):
Event: 52.751 Thread 0x000001ad1aa3a0b0 Unloading class 0x000001ad1eae9c00 'java/lang/invoke/LambdaForm$DMH+0x000001ad1eae9c00'
Event: 52.751 Thread 0x000001ad1aa3a0b0 Unloading class 0x000001ad1eae9800 'java/lang/invoke/LambdaForm$DMH+0x000001ad1eae9800'
Event: 52.751 Thread 0x000001ad1aa3a0b0 Unloading class 0x000001ad1eae9400 'java/lang/invoke/LambdaForm$DMH+0x000001ad1eae9400'
Event: 52.751 Thread 0x000001ad1aa3a0b0 Unloading class 0x000001ad1eae9000 'java/lang/invoke/LambdaForm$DMH+0x000001ad1eae9000'
Event: 52.751 Thread 0x000001ad1aa3a0b0 Unloading class 0x000001ad1eae8400 'java/lang/invoke/LambdaForm$DMH+0x000001ad1eae8400'
Event: 52.751 Thread 0x000001ad1aa3a0b0 Unloading class 0x000001ad1eae8000 'java/lang/invoke/LambdaForm$DMH+0x000001ad1eae8000'
Event: 52.751 Thread 0x000001ad1aa3a0b0 Unloading class 0x000001ad1ea88800 'java/lang/invoke/LambdaForm$DMH+0x000001ad1ea88800'
Event: 52.751 Thread 0x000001ad1aa3a0b0 Unloading class 0x000001ad1ea88000 'java/lang/invoke/LambdaForm$DMH+0x000001ad1ea88000'
Event: 52.751 Thread 0x000001ad1aa3a0b0 Unloading class 0x000001ad1e9a8400 'java/lang/invoke/LambdaForm$DMH+0x000001ad1e9a8400'
Event: 52.751 Thread 0x000001ad1aa3a0b0 Unloading class 0x000001ad1e8c6c00 'java/lang/invoke/LambdaForm$DMH+0x000001ad1e8c6c00'
Event: 52.751 Thread 0x000001ad1aa3a0b0 Unloading class 0x000001ad1e8c6800 'java/lang/invoke/LambdaForm$DMH+0x000001ad1e8c6800'
Event: 52.751 Thread 0x000001ad1aa3a0b0 Unloading class 0x000001ad1e8c6400 'java/lang/invoke/LambdaForm$DMH+0x000001ad1e8c6400'
Event: 52.751 Thread 0x000001ad1aa3a0b0 Unloading class 0x000001ad1e8c6000 'java/lang/invoke/LambdaForm$DMH+0x000001ad1e8c6000'
Event: 52.751 Thread 0x000001ad1aa3a0b0 Unloading class 0x000001ad1e8c5c00 'java/lang/invoke/LambdaForm$DMH+0x000001ad1e8c5c00'
Event: 52.751 Thread 0x000001ad1aa3a0b0 Unloading class 0x000001ad1e8c5800 'java/lang/invoke/LambdaForm$DMH+0x000001ad1e8c5800'
Event: 52.751 Thread 0x000001ad1aa3a0b0 Unloading class 0x000001ad1e8c5400 'java/lang/invoke/LambdaForm$DMH+0x000001ad1e8c5400'
Event: 52.751 Thread 0x000001ad1aa3a0b0 Unloading class 0x000001ad1e8c5000 'java/lang/invoke/LambdaForm$DMH+0x000001ad1e8c5000'
Event: 52.751 Thread 0x000001ad1aa3a0b0 Unloading class 0x000001ad1e8c4800 'java/lang/invoke/LambdaForm$DMH+0x000001ad1e8c4800'
Event: 52.751 Thread 0x000001ad1aa3a0b0 Unloading class 0x000001ad1e8c4c00 'java/lang/invoke/LambdaForm$DMH+0x000001ad1e8c4c00'
Event: 52.751 Thread 0x000001ad1aa3a0b0 Unloading class 0x000001ad1e8c4400 'java/lang/invoke/LambdaForm$DMH+0x000001ad1e8c4400'

Classes redefined (0 events):
No events

Internal exceptions (20 events):
Event: 53.959 Thread 0x000001ad66519170 Exception <a 'sun/nio/fs/WindowsException'{0x000000075e70e090}> (0x000000075e70e090) 
thrown [s\src\hotspot\share\prims\jni.cpp, line 520]
Event: 53.960 Thread 0x000001ad6d8bf4e0 Exception <a 'sun/nio/fs/WindowsException'{0x000000075e201130}> (0x000000075e201130) 
thrown [s\src\hotspot\share\prims\jni.cpp, line 520]
Event: 53.960 Thread 0x000001ad66519170 Exception <a 'sun/nio/fs/WindowsException'{0x000000075e246e78}> (0x000000075e246e78) 
thrown [s\src\hotspot\share\prims\jni.cpp, line 520]
Event: 53.961 Thread 0x000001ad66519170 Exception <a 'sun/nio/fs/WindowsException'{0x000000075e28eb68}> (0x000000075e28eb68) 
thrown [s\src\hotspot\share\prims\jni.cpp, line 520]
Event: 53.961 Thread 0x000001ad6d8bf4e0 Exception <a 'sun/nio/fs/WindowsException'{0x000000075e204710}> (0x000000075e204710) 
thrown [s\src\hotspot\share\prims\jni.cpp, line 520]
Event: 53.961 Thread 0x000001ad66519170 Exception <a 'sun/nio/fs/WindowsException'{0x000000075e2d6e78}> (0x000000075e2d6e78) 
thrown [s\src\hotspot\share\prims\jni.cpp, line 520]
Event: 53.963 Thread 0x000001ad6d8bf4e0 Exception <a 'sun/nio/fs/WindowsException'{0x000000075e353748}> (0x000000075e353748) 
thrown [s\src\hotspot\share\prims\jni.cpp, line 520]
Event: 53.971 Thread 0x000001ad66519170 Exception <a 'sun/nio/fs/WindowsException'{0x000000075dee60f8}> (0x000000075dee60f8) 
thrown [s\src\hotspot\share\prims\jni.cpp, line 520]
Event: 53.973 Thread 0x000001ad66519170 Exception <a 'sun/nio/fs/WindowsException'{0x000000075dc553f8}> (0x000000075dc553f8) 
thrown [s\src\hotspot\share\prims\jni.cpp, line 520]
Event: 53.975 Thread 0x000001ad66519170 Exception <a 'sun/nio/fs/WindowsException'{0x000000075dcb5860}> (0x000000075dcb5860) 
thrown [s\src\hotspot\share\prims\jni.cpp, line 520]
Event: 53.976 Thread 0x000001ad66519170 Exception <a 'sun/nio/fs/WindowsException'{0x000000075dd02d58}> (0x000000075dd02d58) 
thrown [s\src\hotspot\share\prims\jni.cpp, line 520]
Event: 53.977 Thread 0x000001ad66519170 Exception <a 'sun/nio/fs/WindowsException'{0x000000075dd09440}> (0x000000075dd09440) 
thrown [s\src\hotspot\share\prims\jni.cpp, line 520]
Event: 53.978 Thread 0x000001ad66519170 Exception <a 'sun/nio/fs/WindowsException'{0x000000075dd13070}> (0x000000075dd13070) 
thrown [s\src\hotspot\share\prims\jni.cpp, line 520]
Event: 53.979 Thread 0x000001ad66519170 Exception <a 'sun/nio/fs/WindowsException'{0x000000075dad5c80}> (0x000000075dad5c80) 
thrown [s\src\hotspot\share\prims\jni.cpp, line 520]
Event: 53.980 Thread 0x000001ad66519170 Exception <a 'sun/nio/fs/WindowsException'{0x000000075db1d310}> (0x000000075db1d310) 
thrown [s\src\hotspot\share\prims\jni.cpp, line 520]
Event: 53.981 Thread 0x000001ad66519170 Exception <a 'sun/nio/fs/WindowsException'{0x000000075d803260}> (0x000000075d803260) 
thrown [s\src\hotspot\share\prims\jni.cpp, line 520]
Event: 54.245 Thread 0x000001ad65acc7f0 Exception <a 'java/lang/NoSuchMethodError'{0x000000075966ace0}: static Lkotlin/InitializedLazyImpl;.<clinit>()V> (0x000000075966ace0) 
thrown [s\src\hotspot\share\prims\jni.cpp, line 1111]
Event: 54.248 Thread 0x000001ad66691020 Implicit null exception at 0x000001ad10997340 to 0x000001ad109975ac
Event: 54.253 Thread 0x000001ad655184f0 Exception <a 'sun/nio/fs/WindowsException'{0x0000000758edd6c8}> (0x0000000758edd6c8) 
thrown [s\src\hotspot\share\prims\jni.cpp, line 520]
Event: 54.253 Thread 0x000001ad655184f0 Exception <a 'sun/nio/fs/WindowsException'{0x0000000758ee61e8}> (0x0000000758ee61e8) 
thrown [s\src\hotspot\share\prims\jni.cpp, line 520]

ZGC Phase Switch (0 events):
No events

VM Operations (20 events):
Event: 53.717 Executing safepoint VM operation: G1CollectForAllocation (G1 Evacuation Pause) done
Event: 53.772 Executing non-safepoint VM operation: HandshakeAllThreads (Deoptimize)
Event: 53.772 Executing non-safepoint VM operation: HandshakeAllThreads (Deoptimize) done
Event: 53.815 Executing non-safepoint VM operation: HandshakeAllThreads (Deoptimize)
Event: 53.816 Executing non-safepoint VM operation: HandshakeAllThreads (Deoptimize) done
Event: 53.820 Executing non-safepoint VM operation: HandshakeAllThreads (Deoptimize)
Event: 53.820 Executing non-safepoint VM operation: HandshakeAllThreads (Deoptimize) done
Event: 53.854 Executing safepoint VM operation: ICBufferFull
Event: 53.855 Executing safepoint VM operation: ICBufferFull done
Event: 53.935 Executing non-safepoint VM operation: HandshakeAllThreads (Deoptimize)
Event: 53.936 Executing non-safepoint VM operation: HandshakeAllThreads (Deoptimize) done
Event: 53.980 Executing safepoint VM operation: ICBufferFull
Event: 53.980 Executing safepoint VM operation: ICBufferFull done
Event: 54.023 Executing non-safepoint VM operation: HandshakeAllThreads (Deoptimize)
Event: 54.023 Executing non-safepoint VM operation: HandshakeAllThreads (Deoptimize) done
Event: 54.078 Executing safepoint VM operation: ICBufferFull
Event: 54.078 Executing safepoint VM operation: ICBufferFull done
Event: 54.227 Executing safepoint VM operation: ICBufferFull
Event: 54.228 Executing safepoint VM operation: ICBufferFull done
Event: 55.231 Executing safepoint VM operation: Cleanup

Memory protections (0 events):
No events

Nmethod flushes (20 events):
Event: 53.305 Thread 0x000001ad1aa3a0b0 flushing  nmethod 0x000001ad0abbd210
Event: 53.305 Thread 0x000001ad1aa3a0b0 flushing  nmethod 0x000001ad0abbd810
Event: 53.305 Thread 0x000001ad1aa3a0b0 flushing  nmethod 0x000001ad0abbf090
Event: 53.305 Thread 0x000001ad1aa3a0b0 flushing  nmethod 0x000001ad0abbf510
Event: 53.305 Thread 0x000001ad1aa3a0b0 flushing  nmethod 0x000001ad0abbfa90
Event: 53.305 Thread 0x000001ad1aa3a0b0 flushing  nmethod 0x000001ad0abc0d90
Event: 53.305 Thread 0x000001ad1aa3a0b0 flushing  nmethod 0x000001ad0abc4f90
Event: 53.305 Thread 0x000001ad1aa3a0b0 flushing osr nmethod 0x000001ad0abd0510
Event: 53.305 Thread 0x000001ad1aa3a0b0 flushing  nmethod 0x000001ad0abdb090
Event: 53.305 Thread 0x000001ad1aa3a0b0 flushing  nmethod 0x000001ad0b08ae10
Event: 53.305 Thread 0x000001ad1aa3a0b0 flushing  nmethod 0x000001ad0b08c810
Event: 53.305 Thread 0x000001ad1aa3a0b0 flushing  nmethod 0x000001ad0b08e010
Event: 53.305 Thread 0x000001ad1aa3a0b0 flushing  nmethod 0x000001ad0b098290
Event: 53.305 Thread 0x000001ad1aa3a0b0 flushing  nmethod 0x000001ad0b099b10
Event: 53.305 Thread 0x000001ad1aa3a0b0 flushing  nmethod 0x000001ad0b099f10
Event: 53.305 Thread 0x000001ad1aa3a0b0 flushing  nmethod 0x000001ad0b09a610
Event: 53.305 Thread 0x000001ad1aa3a0b0 flushing  nmethod 0x000001ad0b1bcb90
Event: 53.305 Thread 0x000001ad1aa3a0b0 flushing  nmethod 0x000001ad0b1bf310
Event: 53.305 Thread 0x000001ad1aa3a0b0 flushing  nmethod 0x000001ad0b1c0b10
Event: 53.305 Thread 0x000001ad1aa3a0b0 flushing  nmethod 0x000001ad0b1c1d90

Events (20 events):
Event: 46.895 Thread 0x000001ad65acc7f0 Thread added: 0x000001ad66690990
Event: 46.897 Thread 0x000001ad65acc7f0 Thread added: 0x000001ad66691020
Event: 46.899 Thread 0x000001ad65acc7f0 Thread added: 0x000001ad666916b0
Event: 46.905 Thread 0x000001ad65acc7f0 Thread added: 0x000001ad6d8bc6f0
Event: 47.137 Thread 0x000001ad1aa70c70 Thread added: 0x000001ad6e4d7410
Event: 50.589 Thread 0x000001ad6d8bc060 Thread added: 0x000001ad66691d40
Event: 50.589 Thread 0x000001ad6d8bf4e0 Thread added: 0x000001ad6ea30d50
Event: 50.589 Thread 0x000001ad6d8bc060 Thread added: 0x000001ad6ea313e0
Event: 50.679 Thread 0x000001ad6ea313e0 Thread added: 0x000001ad6ea31a70
Event: 50.698 Thread 0x000001ad6ea30d50 Thread added: 0x000001ad6ea2e5f0
Event: 50.698 Thread 0x000001ad6ea31a70 Thread added: 0x000001ad6ea32100
Event: 50.747 Thread 0x000001ad6d8c0f20 Thread added: 0x000001ad6ea2f9a0
Event: 50.788 Thread 0x000001ad6d8c0f20 Thread added: 0x000001ad6ea2ec80
Event: 52.636 Thread 0x000001ad6d8c0f20 Thread added: 0x000001ad78fe27f0
Event: 53.346 Thread 0x000001ad6d8c0f20 Thread added: 0x000001ad843b4e40
Event: 53.347 Thread 0x000001ad6d8c0f20 Thread added: 0x000001ad843b3a90
Event: 53.350 Thread 0x000001ad6d8c0f20 Thread added: 0x000001ad843b19c0
Event: 53.718 Thread 0x000001ad1aa71340 Thread added: 0x000001ad788338c0
Event: 53.915 Thread 0x000001ad6d8c0f20 Thread added: 0x000001ad843b0ca0
Event: 54.194 Thread 0x000001ad6d8c0f20 Thread added: 0x000001ad843b82c0


Dynamic libraries:
0x00007ff77d950000 - 0x00007ff77d95e000 	C:\Program Files\Eclipse Adoptium\jdk-21.0.12.8-hotspot\bin\java.exe
0x00007ffa45d80000 - 0x00007ffa45fe6000 	C:\WINDOWS\SYSTEM32\ntdll.dll
0x00007ffa44cf0000 - 0x00007ffa44db9000 	C:\WINDOWS\System32\KERNEL32.DLL
0x00007ffa43260000 - 0x00007ffa4365f000 	C:\WINDOWS\System32\KERNELBASE.dll
0x00007ffa3f0e0000 - 0x00007ffa3f17f000 	C:\WINDOWS\SYSTEM32\apphelp.dll
0x00007ffa43860000 - 0x00007ffa439ac000 	C:\WINDOWS\System32\ucrtbase.dll
0x00007ffa3a750000 - 0x00007ffa3a76e000 	C:\Program Files\Eclipse Adoptium\jdk-21.0.12.8-hotspot\bin\VCRUNTIME140.dll
0x00007ffa3a730000 - 0x00007ffa3a748000 	C:\Program Files\Eclipse Adoptium\jdk-21.0.12.8-hotspot\bin\jli.dll
0x00007ffa43be0000 - 0x00007ffa43da6000 	C:\WINDOWS\System32\USER32.dll
0x00007ffa43a80000 - 0x00007ffa43aa7000 	C:\WINDOWS\System32\win32u.dll
0x00007ffa27a60000 - 0x00007ffa27cf1000 	C:\WINDOWS\WinSxS\amd64_microsoft.windows.common-controls_6595b64144ccf1df_6.0.26100.8972_none_3e0da176e32f9d4b\COMCTL32.dll
0x00007ffa44e30000 - 0x00007ffa44e5b000 	C:\WINDOWS\System32\GDI32.dll
0x00007ffa449e0000 - 0x00007ffa44a89000 	C:\WINDOWS\System32\msvcrt.dll
0x00007ffa43730000 - 0x00007ffa43859000 	C:\WINDOWS\System32\gdi32full.dll
0x00007ffa431b0000 - 0x00007ffa43253000 	C:\WINDOWS\System32\msvcp_win.dll
0x00007ffa44e60000 - 0x00007ffa44e92000 	C:\WINDOWS\System32\IMM32.DLL
0x00007ffa3f980000 - 0x00007ffa3f98c000 	C:\Program Files\Eclipse Adoptium\jdk-21.0.12.8-hotspot\bin\vcruntime140_1.dll
0x00007ffa202e0000 - 0x00007ffa2036d000 	C:\Program Files\Eclipse Adoptium\jdk-21.0.12.8-hotspot\bin\msvcp140.dll
0x00007ff9de6d0000 - 0x00007ff9df472000 	C:\Program Files\Eclipse Adoptium\jdk-21.0.12.8-hotspot\bin\server\jvm.dll
0x00007ffa44240000 - 0x00007ffa442fc000 	C:\WINDOWS\System32\ADVAPI32.dll
0x00007ffa43b30000 - 0x00007ffa43bda000 	C:\WINDOWS\System32\sechost.dll
0x00007ffa44310000 - 0x00007ffa44428000 	C:\WINDOWS\System32\RPCRT4.dll
0x00007ffa44950000 - 0x00007ffa449d2000 	C:\WINDOWS\System32\WS2_32.dll
0x00007ffa42df0000 - 0x00007ffa42e4e000 	C:\WINDOWS\SYSTEM32\POWRPROF.dll
0x00007ffa3a980000 - 0x00007ffa3a9b6000 	C:\WINDOWS\SYSTEM32\WINMM.dll
0x00007ffa3a200000 - 0x00007ffa3a20b000 	C:\WINDOWS\SYSTEM32\VERSION.dll
0x00007ffa42dd0000 - 0x00007ffa42de5000 	C:\WINDOWS\SYSTEM32\UMPDC.dll
0x00007ffa41c40000 - 0x00007ffa41c5b000 	C:\WINDOWS\SYSTEM32\kernel.appcore.dll
0x00007ffa3a720000 - 0x00007ffa3a72a000 	C:\Program Files\Eclipse Adoptium\jdk-21.0.12.8-hotspot\bin\jimage.dll
0x00007ffa40430000 - 0x00007ffa40672000 	C:\WINDOWS\SYSTEM32\DBGHELP.DLL
0x00007ffa445a0000 - 0x00007ffa44925000 	C:\WINDOWS\System32\combase.dll
0x00007ffa45b30000 - 0x00007ffa45c09000 	C:\WINDOWS\System32\OLEAUT32.dll
0x00007ffa2fe60000 - 0x00007ffa2fe9b000 	C:\WINDOWS\SYSTEM32\dbgcore.DLL
0x00007ffa43670000 - 0x00007ffa4371c000 	C:\WINDOWS\System32\bcryptPrimitives.dll
0x00007ffa39660000 - 0x00007ffa3966f000 	C:\Program Files\Eclipse Adoptium\jdk-21.0.12.8-hotspot\bin\instrument.dll
0x00007ffa3a5b0000 - 0x00007ffa3a5d0000 	C:\Program Files\Eclipse Adoptium\jdk-21.0.12.8-hotspot\bin\java.dll
0x00007ffa451d0000 - 0x00007ffa45958000 	C:\WINDOWS\System32\SHELL32.dll
0x00007ffa40a00000 - 0x00007ffa4129b000 	C:\WINDOWS\SYSTEM32\windows.storage.dll
0x00007ffa45c40000 - 0x00007ffa45d39000 	C:\WINDOWS\System32\SHCORE.dll
0x00007ffa44430000 - 0x00007ffa44496000 	C:\WINDOWS\System32\shlwapi.dll
0x00007ffa42eb0000 - 0x00007ffa42ed9000 	C:\WINDOWS\SYSTEM32\profapi.dll
0x00007ffa111c0000 - 0x00007ffa11297000 	C:\Program Files\Eclipse Adoptium\jdk-21.0.12.8-hotspot\bin\jsvml.dll
0x00007ffa39730000 - 0x00007ffa39748000 	C:\Program Files\Eclipse Adoptium\jdk-21.0.12.8-hotspot\bin\zip.dll
0x00007ffa3a710000 - 0x00007ffa3a720000 	C:\Program Files\Eclipse Adoptium\jdk-21.0.12.8-hotspot\bin\net.dll
0x00007ffa3c410000 - 0x00007ffa3c538000 	C:\WINDOWS\SYSTEM32\WINHTTP.dll
0x00007ffa421d0000 - 0x00007ffa4223c000 	C:\WINDOWS\system32\mswsock.dll
0x00007ffa3a1e0000 - 0x00007ffa3a1f6000 	C:\Program Files\Eclipse Adoptium\jdk-21.0.12.8-hotspot\bin\nio.dll
0x00007ffa3a6e0000 - 0x00007ffa3a6f0000 	C:\Program Files\Eclipse Adoptium\jdk-21.0.12.8-hotspot\bin\verify.dll
0x00007ff9ea7a0000 - 0x00007ff9ea7c7000 	C:\Users\--\.gradle\native\660c5614fbf4a5f2a75b1949f50a0caf5cd603558e7d8a26e50b933a0cfb79d1\windows-amd64\native-platform.dll
0x00007ff9eaec0000 - 0x00007ff9eaf37000 	C:\Users\--\.gradle\native\0.2.8\x86_64-windows-gnu\gradle-fileevents.dll
0x00007ffa3a5a0000 - 0x00007ffa3a5aa000 	C:\Program Files\Eclipse Adoptium\jdk-21.0.12.8-hotspot\bin\management.dll
0x00007ffa39720000 - 0x00007ffa3972c000 	C:\Program Files\Eclipse Adoptium\jdk-21.0.12.8-hotspot\bin\management_ext.dll
0x00007ffa45960000 - 0x00007ffa45968000 	C:\WINDOWS\System32\PSAPI.DLL
0x00007ffa416a0000 - 0x00007ffa416d3000 	C:\WINDOWS\SYSTEM32\IPHLPAPI.DLL
0x00007ffa44dc0000 - 0x00007ffa44dca000 	C:\WINDOWS\System32\NSI.dll
0x00007ffa39710000 - 0x00007ffa39719000 	C:\Program Files\Eclipse Adoptium\jdk-21.0.12.8-hotspot\bin\extnet.dll
0x00007ffa425f0000 - 0x00007ffa4260b000 	C:\WINDOWS\SYSTEM32\CRYPTSP.dll
0x00007ffa41ba0000 - 0x00007ffa41bd9000 	C:\WINDOWS\system32\rsaenh.dll
0x00007ffa42280000 - 0x00007ffa422b2000 	C:\WINDOWS\SYSTEM32\USERENV.dll
0x00007ffa42e80000 - 0x00007ffa42eaa000 	C:\WINDOWS\SYSTEM32\bcrypt.dll
0x00007ffa42430000 - 0x00007ffa4243c000 	C:\WINDOWS\SYSTEM32\CRYPTBASE.dll
0x00007ffa39600000 - 0x00007ffa3960e000 	C:\Program Files\Eclipse Adoptium\jdk-21.0.12.8-hotspot\bin\sunmscapi.dll
0x00007ffa42f90000 - 0x00007ffa4310e000 	C:\WINDOWS\System32\CRYPT32.dll
0x00007ffa427d0000 - 0x00007ffa42800000 	C:\WINDOWS\SYSTEM32\ncrypt.dll
0x00007ffa42780000 - 0x00007ffa427bf000 	C:\WINDOWS\SYSTEM32\NTASN1.dll
0x00007ffa31090000 - 0x00007ffa31098000 	C:\WINDOWS\system32\wshunix.dll
0x00007ff9bb150000 - 0x00007ff9bb2df000 	C:\Program Files\Eclipse Adoptium\jdk-21.0.12.8-hotspot\bin\awt.dll
0x00007ffa3fb10000 - 0x00007ffa3fbb8000 	C:\WINDOWS\system32\uxtheme.dll
0x00007ffa45970000 - 0x00007ffa45acd000 	C:\WINDOWS\System32\MSCTF.dll
0x00007ffa44aa0000 - 0x00007ffa44c39000 	C:\WINDOWS\System32\ole32.dll

JVMTI agents:
C:\Users\--\.gradle\wrapper\dists\gradle-9.7.1-bin\1w1c7tv4s851m17nbqdsro2tv\gradle-9.7.1\lib\agents\gradle-instrumentation-agent-9.7.1.jar path:C:\Program Files\Eclipse Adoptium\jdk-21.0.12.8-hotspot\bin\instrument.dll, loaded, initialized, instrumentlib options:none

dbghelp: loaded successfully - version: 4.0.5 - missing functions: none
symbol engine: initialized successfully - sym options: 0x614 - pdb path: .;C:\Program Files\Eclipse Adoptium\jdk-21.0.12.8-hotspot\bin;C:\WINDOWS\SYSTEM32;C:\WINDOWS\WinSxS\amd64_microsoft.windows.common-controls_6595b64144ccf1df_6.0.26100.8972_none_3e0da176e32f9d4b;C:\Program Files\Eclipse Adoptium\jdk-21.0.12.8-hotspot\bin\server;C:\Users\--\.gradle\native\660c5614fbf4a5f2a75b1949f50a0caf5cd603558e7d8a26e50b933a0cfb79d1\windows-amd64;C:\Users\--\.gradle\native\0.2.8\x86_64-windows-gnu

VM Arguments:
jvm_args: --add-opens=java.base/java.lang=ALL-UNNAMED --add-opens=java.base/java.lang.invoke=ALL-UNNAMED --add-opens=java.base/java.util=ALL-UNNAMED --add-opens=java.prefs/java.util.prefs=ALL-UNNAMED --add-exports=jdk.compiler/com.sun.tools.javac.api=ALL-UNNAMED --add-exports=jdk.compiler/com.sun.tools.javac.util=ALL-UNNAMED --add-opens=java.base/java.nio.charset=ALL-UNNAMED --add-opens=java.base/java.net=ALL-UNNAMED --add-opens=java.base/java.util.concurrent=ALL-UNNAMED --add-opens=java.base/java.util.concurrent.atomic=ALL-UNNAMED --add-opens=java.xml/javax.xml.namespace=ALL-UNNAMED --add-opens=java.base/java.time=ALL-UNNAMED -Xmx3072m -Dfile.encoding=UTF-8 -Duser.country=US -Duser.language=en -Duser.variant -javaagent:C:\Users\--\.gradle\wrapper\dists\gradle-9.7.1-bin\1w1c7tv4s851m17nbqdsro2tv\gradle-9.7.1\lib\agents\gradle-instrumentation-agent-9.7.1.jar 
java_command: org.gradle.launcher.daemon.bootstrap.GradleDaemon 9.7.1
java_class_path (initial): C:\Users\--\.gradle\wrapper\dists\gradle-9.7.1-bin\1w1c7tv4s851m17nbqdsro2tv\gradle-9.7.1\lib\gradle-daemon-main-9.7.1.jar
Launcher Type: SUN_STANDARD

[Global flags]
     intx CICompilerCount                          = 12                                        {product} {ergonomic}
     uint ConcGCThreads                            = 5                                         {product} {ergonomic}
     uint G1ConcRefinementThreads                  = 18                                        {product} {ergonomic}
   size_t G1HeapRegionSize                         = 2097152                                   {product} {ergonomic}
    uintx GCDrainStackTargetSize                   = 64                                        {product} {ergonomic}
   size_t InitialHeapSize                          = 532676608                                 {product} {ergonomic}
   size_t MarkStackSize                            = 4194304                                   {product} {ergonomic}
   size_t MaxHeapSize                              = 3221225472                                {product} {command line}
   size_t MaxNewSize                               = 1931476992                                {product} {ergonomic}
   size_t MinHeapDeltaBytes                        = 2097152                                   {product} {ergonomic}
   size_t MinHeapSize                              = 8388608                                   {product} {ergonomic}
    uintx NonNMethodCodeHeapSize                   = 7602480                                {pd product} {ergonomic}
    uintx NonProfiledCodeHeapSize                  = 122027880                              {pd product} {ergonomic}
    uintx ProfiledCodeHeapSize                     = 122027880                              {pd product} {ergonomic}
    uintx ReservedCodeCacheSize                    = 251658240                              {pd product} {ergonomic}
     bool SegmentedCodeCache                       = true                                      {product} {ergonomic}
   size_t SoftMaxHeapSize                          = 3221225472                             {manageable} {ergonomic}
     bool UseCompressedOops                        = true                           {product lp64_product} {ergonomic}
     bool UseG1GC                                  = true                                      {product} {ergonomic}
     bool UseLargePagesIndividualAllocation        = false                                  {pd product} {ergonomic}

Logging:
Log output configuration:
 #0: stdout all=warning uptime,level,tags foldmultilines=false
 #1: stderr all=off uptime,level,tags foldmultilines=false

Release file:
IMPLEMENTOR="Eclipse Adoptium" 
IMPLEMENTOR_VERSION="Temurin-21.0.12+8" 
JAVA_RUNTIME_VERSION="21.0.12+8-LTS" 
JAVA_VERSION="21.0.12" 
JAVA_VERSION_DATE="2026-07-21" 
LIBC="default" 
MODULES="java.base java.compiler java.datatransfer java.xml java.prefs java.desktop java.instrument java.logging java.management java.security.sasl java.naming java.rmi java.management.rmi java.net.http java.scripting java.security.jgss java.transaction.xa java.sql java.sql.rowset java.xml.crypto java.se java.smartcardio jdk.accessibility jdk.internal.jvmstat jdk.attach jdk.charsets jdk.internal.opt jdk.zipfs jdk.compiler jdk.crypto.ec jdk.crypto.cryptoki jdk.crypto.mscapi jdk.dynalink jdk.internal.ed jdk.editpad jdk.hotspot.agent jdk.httpserver jdk.incubator.vector jdk.internal.le jdk.internal.vm.ci jdk.internal.vm.compiler jdk.internal.vm.compiler.management jdk.jartool jdk.javadoc jdk.jcmd jdk.management jdk.management.agent jdk.jconsole jdk.jdeps jdk.jdwp.agent jdk.jdi jdk.jfr jdk.jlink jdk.jpackage jdk.jshell jdk.jsobject jdk.jstatd jdk.localedata jdk.management.jfr jdk.naming.dns jdk.naming.rmi jdk.net jdk.nio.mapmode jdk.random jdk.sctp jdk.security.auth jdk.security.jgss jdk.unsupported jdk.unsupported.desktop jdk.xml.dom" 
OS_ARCH="x86_64" 
OS_NAME="Windows" 
SOURCE=".:git:04806bcb1d50" 
BUILD_SOURCE="git:e6ba7dec3d07654074559310376a3ae89da5f4ac"
BUILD_SOURCE_REPO="https://github.com/adoptium/temurin-build.git"
SOURCE_REPO="https://github.com/adoptium/jdk21u.git"
FULL_VERSION="21.0.12+8-LTS"
SEMANTIC_VERSION="21.0.12+8"
BUILD_INFO="OS: Windows Server 2022 Version: 10.0"
JVM_VARIANT="Hotspot"
JVM_VERSION="21.0.12+8-LTS"
IMAGE_TYPE="JDK"

Environment Variables:
JAVA_HOME=C:\Program Files\Android\Android Studio\jbr
CLASSPATH=C:\repos\NoNo\replica-app\\gradle\wrapper\gradle-wrapper.jar
PATH=C:\Program Files\WindowsApps\Microsoft.PowerShell_7.6.5.0_x64__8wekyb3d8bbwe;C:\Program Files\Eclipse Adoptium\jdk-21.0.12.8-hotspot\bin;C:\Program Files\ImageMagick-7.1.2-Q16-HDRI;C:\WINDOWS\system32;C:\WINDOWS;C:\WINDOWS\System32\Wbem;C:\WINDOWS\System32\WindowsPowerShell\v1.0\;C:\WINDOWS\System32\OpenSSH\;C:\Program Files\Microsoft VS Code\bin;C:\Program Files\dotnet\;C:\Program Files\nodejs\;C:\Program Files\Git\cmd;C:\Program Files (x86)\NVIDIA Corporation\PhysX\Common;C:\Program Files\GitHub CLI\;C:\Program Files\CMake\bin;C:\Program Files\Gpg4win\..\GnuPG\bin;C:\Program Files\Docker\Docker\resources\bin;C:\Program Files\gs\gs10.07.1\bin;C:\Program Files (x86)\cloudflared\;C:\Program Files\Microsoft SQL Server\Client SDK\ODBC\170\Tools\Binn\;C:\Program Files (x86)\Microsoft SQL Server\150\Tools\Binn\;C:\Program Files\Microsoft SQL Server\150\Tools\Binn\;C:\Program Files\Microsoft SQL Server\150\DTS\Binn\
USERNAME=--
OS=Windows_NT
PROCESSOR_IDENTIFIER=Intel64 Family 6 Model 198 Stepping 2, GenuineIntel
TMP=C:\Users\--\AppData\Local\Temp
TEMP=C:\Users\--\AppData\Local\Temp




Periodic native trim disabled

---------------  S Y S T E M  ---------------

OS:
 Windows 11 , 64 bit Build 26100 (10.0.26100.9168)
OS uptime: 7 days 5:34 hours
Hyper-V role detected

CPU: total 24 (initial active 24) (24 cores per cpu, 1 threads per core) family 6 model 198 stepping 2 microcode 0x122, cx8, cmov, fxsr, mmx, 3dnowpref, sse, sse2, sse3, ssse3, sse4.1, sse4.2, popcnt, lzcnt, tsc, tscinvbit, avx, avx2, aes, erms, clmul, bmi1, bmi2, adx, sha, fma, vzeroupper, clflush, clflushopt, clwb, hv, serialize, rdtscp, rdpid, fsrm, f16c, cet_ibt, cet_ss
Processor Information for processor 0
  Max Mhz: 2500, Current Mhz: 2500, Mhz Limit: 2500
Processor Information for processor 1
  Max Mhz: 2500, Current Mhz: 2500, Mhz Limit: 2500
Processor Information for processor 2
  Max Mhz: 1900, Current Mhz: 1900, Mhz Limit: 1900
Processor Information for processor 3
  Max Mhz: 1900, Current Mhz: 1900, Mhz Limit: 1900
Processor Information for processor 4
  Max Mhz: 1900, Current Mhz: 1900, Mhz Limit: 1900
Processor Information for processor 5
  Max Mhz: 1900, Current Mhz: 1900, Mhz Limit: 1900
Processor Information for processor 6
  Max Mhz: 1900, Current Mhz: 1900, Mhz Limit: 1900
Processor Information for processor 7
  Max Mhz: 1900, Current Mhz: 1900, Mhz Limit: 1900
Processor Information for processor 8
  Max Mhz: 1900, Current Mhz: 1900, Mhz Limit: 1900
Processor Information for processor 9
  Max Mhz: 1900, Current Mhz: 1900, Mhz Limit: 1900
Processor Information for processor 10
  Max Mhz: 2500, Current Mhz: 2500, Mhz Limit: 2500
Processor Information for processor 11
  Max Mhz: 2500, Current Mhz: 2500, Mhz Limit: 2500
Processor Information for processor 12
  Max Mhz: 2500, Current Mhz: 2500, Mhz Limit: 2500
Processor Information for processor 13
  Max Mhz: 2500, Current Mhz: 2500, Mhz Limit: 2500
Processor Information for processor 14
  Max Mhz: 1900, Current Mhz: 1900, Mhz Limit: 1900
Processor Information for processor 15
  Max Mhz: 1900, Current Mhz: 1900, Mhz Limit: 1900
Processor Information for processor 16
  Max Mhz: 1900, Current Mhz: 1900, Mhz Limit: 1900
Processor Information for processor 17
  Max Mhz: 1900, Current Mhz: 1900, Mhz Limit: 1900
Processor Information for processor 18
  Max Mhz: 1900, Current Mhz: 1900, Mhz Limit: 1900
Processor Information for processor 19
  Max Mhz: 1900, Current Mhz: 1900, Mhz Limit: 1900
Processor Information for processor 20
  Max Mhz: 1900, Current Mhz: 1900, Mhz Limit: 1900
Processor Information for processor 21
  Max Mhz: 1900, Current Mhz: 1900, Mhz Limit: 1900
Processor Information for processor 22
  Max Mhz: 2500, Current Mhz: 2500, Mhz Limit: 2500
Processor Information for processor 23
  Max Mhz: 2500, Current Mhz: 2500, Mhz Limit: 2500

Memory: 4k page, system-wide physical 32466M (343M free)
TotalPageFile size 130770M (AvailPageFile size 24M)
current process WorkingSet (physical memory assigned to process): 1163M, peak: 1170M
current process commit charge ("private bytes"): 1228M, peak: 1237M

vm_info: OpenJDK 64-Bit Server VM (21.0.12+8-LTS) for windows-amd64 JRE (21.0.12+8-LTS), built on 2026-07-21T00:00:00Z by "admin" with MS VC++ 17.12 (VS2022)

END.
