#
# There is insufficient memory for the Java Runtime Environment to continue.
# Native memory allocation (malloc) failed to allocate 32744 bytes. Error detail: Chunk::new
# Possible reasons:
#   The system is out of physical RAM or swap space
#   This process is running with CompressedOops enabled, and the Java Heap may be blocking the growth of the native heap
# Possible solutions:
#   Reduce memory load on the system
#   Increase physical memory or swap space
#   Check if swap backing store is full
#   Decrease Java heap size (-Xmx/-Xms)
#   Decrease number of Java threads
#   Decrease Java thread stack sizes (-Xss)
#   Set larger code cache with -XX:ReservedCodeCacheSize=
#   JVM is running with Zero Based Compressed Oops mode in which the Java heap is
#     placed in the first 32GB address space. The Java Heap base address is the
#     maximum limit for the native heap growth. Please use -XX:HeapBaseMinAddress
#     to set the Java Heap base and to place the Java Heap above 32GB virtual address.
# This output file may be truncated or incomplete.
#
#  Out of Memory Error (arena.cpp:168), pid=37296, tid=41168
#
# JRE version: OpenJDK Runtime Environment Temurin-21.0.12+8 (21.0.12+8) (build 21.0.12+8-LTS)
# Java VM: OpenJDK 64-Bit Server VM Temurin-21.0.12+8 (21.0.12+8-LTS, mixed mode, sharing, tiered, compressed oops, compressed class ptrs, g1 gc, windows-amd64)
# No core dump will be written. Minidumps are not enabled by default on client versions of Windows
#

---------------  S U M M A R Y ------------

Command Line: --add-opens=java.base/java.lang=ALL-UNNAMED --add-opens=java.base/java.lang.invoke=ALL-UNNAMED --add-opens=java.base/java.util=ALL-UNNAMED --add-opens=java.prefs/java.util.prefs=ALL-UNNAMED --add-exports=jdk.compiler/com.sun.tools.javac.api=ALL-UNNAMED --add-exports=jdk.compiler/com.sun.tools.javac.util=ALL-UNNAMED --add-opens=java.base/java.nio.charset=ALL-UNNAMED --add-opens=java.base/java.net=ALL-UNNAMED --add-opens=java.base/java.util.concurrent=ALL-UNNAMED --add-opens=java.base/java.util.concurrent.atomic=ALL-UNNAMED --add-opens=java.xml/javax.xml.namespace=ALL-UNNAMED --add-opens=java.base/java.time=ALL-UNNAMED -Xmx3072m -Dfile.encoding=UTF-8 -Duser.country=US -Duser.language=en -Duser.variant -javaagent:C:\Users\--\.gradle\wrapper\dists\gradle-9.7.1-bin\1w1c7tv4s851m17nbqdsro2tv\gradle-9.7.1\lib\agents\gradle-instrumentation-agent-9.7.1.jar org.gradle.launcher.daemon.bootstrap.GradleDaemon 9.7.1

Host: Intel(R) Core(TM) Ultra 9 285, 24 cores, 31G,  Windows 11 , 64 bit Build 26100 (10.0.26100.9168)
Time: Mon Aug 31 15:08:23 2026 Eastern Daylight Time elapsed time: 30.787963 seconds (0d 0h 0m 30s)

---------------  T H R E A D  ---------------

Current thread (0x0000027d870b6550):  JavaThread "C2 CompilerThread0" daemon [_thread_in_native, id=41168, stack(0x0000009675e00000,0x0000009675f00000) (1024K)]


Current CompileTask:
C2:30788 27124       4       java.lang.invoke.MethodHandleImpl::makePairwiseConvertByEditor (617 bytes)

Stack: [0x0000009675e00000,0x0000009675f00000]
Native frames: (J=compiled Java code, j=interpreted, Vv=VM code, C=native code)
V  [jvm.dll+0x6d83e9]
V  [jvm.dll+0x8b5736]
V  [jvm.dll+0x8b7cee]
V  [jvm.dll+0x8b83d3]
V  [jvm.dll+0x284596]
V  [jvm.dll+0xc685d]
V  [jvm.dll+0xc6da1]
V  [jvm.dll+0xc6985]
V  [jvm.dll+0x6b45f8]
V  [jvm.dll+0x39ba15]
V  [jvm.dll+0x3a14a0]
V  [jvm.dll+0x3a6eaf]
V  [jvm.dll+0x39b564]
V  [jvm.dll+0x39b62e]
V  [jvm.dll+0x6f4700]
V  [jvm.dll+0x6ed975]
V  [jvm.dll+0x6ef029]
V  [jvm.dll+0x6f284c]
V  [jvm.dll+0x6ea969]
V  [jvm.dll+0x6ea069]
V  [jvm.dll+0x6e80ee]
V  [jvm.dll+0x1ce4fc]
V  [jvm.dll+0x24b919]
V  [jvm.dll+0x1cb4ae]
V  [jvm.dll+0x25baad]
V  [jvm.dll+0x25a03a]
V  [jvm.dll+0x3f8aae]
V  [jvm.dll+0x8600cd]
V  [jvm.dll+0x6d6c1d]
C  [ucrtbase.dll+0x2cd30]
C  [KERNEL32.DLL+0x2ccb7]
C  [ntdll.dll+0xaad6c]


---------------  P R O C E S S  ---------------

Threads class SMR info:
_java_thread_list=0x0000027d91d1c2e0, length=113, elements={
0x0000027d26683740, 0x0000027d870ae480, 0x0000027d870afef0, 0x0000027d870b0950,
0x0000027d870b33c0, 0x0000027d870b45c0, 0x0000027d870b5020, 0x0000027d870b6550,
0x0000027d870b97a0, 0x0000027d8730b480, 0x0000027d873cf3d0, 0x0000027d8d5eb720,
0x0000027d8d945980, 0x0000027d8d5c46f0, 0x0000027d8d975970, 0x0000027d8d979ad0,
0x0000027d8d97a550, 0x0000027d8d983940, 0x0000027d8c8c9d50, 0x0000027d8c8c8310,
0x0000027d8c8c9030, 0x0000027d8c8caa70, 0x0000027d8c8c75f0, 0x0000027d8c8c7c80,
0x0000027d8c8c89a0, 0x0000027d8e473100, 0x0000027d8e472a70, 0x0000027d8e4744b0,
0x0000027d8e4723e0, 0x0000027d8e473790, 0x0000027d8e471d50, 0x0000027d8e4716c0,
0x0000027d8e477fc0, 0x0000027d8e476580, 0x0000027d8e476c10, 0x0000027d8e4751d0,
0x0000027d8e475860, 0x0000027d8f87e3e0, 0x0000027d8f87f100, 0x0000027d8f87f790,
0x0000027d8f87fe20, 0x0000027d8f87d030, 0x0000027d8f880b40, 0x0000027d8f87d6c0,
0x0000027d8f8811d0, 0x0000027d8f87dd50, 0x0000027d8f882c10, 0x0000027d8f883930,
0x0000027d8f881860, 0x0000027d8f882580, 0x0000027d8f881ef0, 0x0000027d8f8832a0,
0x0000027d8716a320, 0x0000027d87168f70, 0x0000027d8716b6d0, 0x0000027d871688e0,
0x0000027d8716a9b0, 0x0000027d8716b040, 0x0000027d8716bd60, 0x0000027d87169c90,
0x0000027d8716ca80, 0x0000027d87169600, 0x0000027d8716e4c0, 0x0000027d8716eb50,
0x0000027d8716ff00, 0x0000027d90e19d60, 0x0000027d90e1b7a0, 0x0000027d90e1df00,
0x0000027d9054b2b0, 0x0000027d9054b940, 0x0000027d905484c0, 0x0000027d9054da10,
0x0000027d9054bfd0, 0x0000027d9054c660, 0x0000027d9054ccf0, 0x0000027d9054d380,
0x0000027d8716de30, 0x0000027d97cc78d0, 0x0000027d97cc7f60, 0x0000027d97cc85f0,
0x0000027d97cc6520, 0x0000027d97cc7240, 0x0000027d97cc6bb0, 0x0000027d97cc9310,
0x0000027d97cc5e90, 0x0000027d97ccba70, 0x0000027d97cc8c80, 0x0000027d97ccc100,
0x0000027d97ccad50, 0x0000027d97ccb3e0, 0x0000027d97ccc790, 0x0000027d97ccce20,
0x0000027d97cc99a0, 0x0000027d98125450, 0x0000027d98126170, 0x0000027d98122cf0,
0x0000027d98126800, 0x0000027d8dcaf500, 0x0000027d8dcb3010, 0x0000027d8dcb43c0,
0x0000027d8e478650, 0x0000027d906fac70, 0x0000027d906fb990, 0x0000027d906ff4a0,
0x0000027da7cc6cb0, 0x0000027da72e64f0, 0x0000027da72e4ab0, 0x0000027da72e3070,
0x0000027da72e6b80, 0x0000027da72e3700, 0x0000027da75aae70, 0x0000027da75ab540,
0x0000027da72e7210
}

Java Threads: ( => current thread )
  0x0000027d26683740 JavaThread "main"                              [_thread_blocked, id=22788, stack(0x0000009675000000,0x0000009675100000) (1024K)]
  0x0000027d870ae480 JavaThread "Reference Handler"          daemon [_thread_blocked, id=42852, stack(0x0000009675800000,0x0000009675900000) (1024K)]
  0x0000027d870afef0 JavaThread "Finalizer"                  daemon [_thread_blocked, id=24324, stack(0x0000009675900000,0x0000009675a00000) (1024K)]
  0x0000027d870b0950 JavaThread "Signal Dispatcher"          daemon [_thread_blocked, id=22544, stack(0x0000009675a00000,0x0000009675b00000) (1024K)]
  0x0000027d870b33c0 JavaThread "Attach Listener"            daemon [_thread_blocked, id=25676, stack(0x0000009675b00000,0x0000009675c00000) (1024K)]
  0x0000027d870b45c0 JavaThread "Service Thread"             daemon [_thread_blocked, id=544, stack(0x0000009675c00000,0x0000009675d00000) (1024K)]
  0x0000027d870b5020 JavaThread "Monitor Deflation Thread"   daemon [_thread_blocked, id=2920, stack(0x0000009675d00000,0x0000009675e00000) (1024K)]
=>0x0000027d870b6550 JavaThread "C2 CompilerThread0"         daemon [_thread_in_native, id=41168, stack(0x0000009675e00000,0x0000009675f00000) (1024K)]
  0x0000027d870b97a0 JavaThread "C1 CompilerThread0"         daemon [_thread_blocked, id=26640, stack(0x0000009675f00000,0x0000009676000000) (1024K)]
  0x0000027d8730b480 JavaThread "Common-Cleaner"             daemon [_thread_blocked, id=23052, stack(0x0000009676100000,0x0000009676200000) (1024K)]
  0x0000027d873cf3d0 JavaThread "Notification Thread"        daemon [_thread_blocked, id=33680, stack(0x0000009676200000,0x0000009676300000) (1024K)]
  0x0000027d8d5eb720 JavaThread "Daemon health stats"               [_thread_blocked, id=33700, stack(0x0000009676e00000,0x0000009676f00000) (1024K)]
  0x0000027d8d945980 JavaThread "Incoming local TCP Connector on port 51436"        [_thread_in_native, id=15672, stack(0x0000009676f00000,0x0000009677000000) (1024K)]
  0x0000027d8d5c46f0 JavaThread "Daemon periodic checks"            [_thread_blocked, id=38380, stack(0x0000009677000000,0x0000009677100000) (1024K)]
  0x0000027d8d975970 JavaThread "Daemon"                            [_thread_blocked, id=44600, stack(0x0000009677100000,0x0000009677200000) (1024K)]
  0x0000027d8d979ad0 JavaThread "Handler for socket connection from /127.0.0.1:51436 to /127.0.0.1:51437"        [_thread_in_native, id=47008, stack(0x0000009677200000,0x0000009677300000) (1024K)]
  0x0000027d8d97a550 JavaThread "Cancel handler"                    [_thread_blocked, id=45964, stack(0x0000009677300000,0x0000009677400000) (1024K)]
  0x0000027d8d983940 JavaThread "Daemon worker"                     [_thread_blocked, id=12752, stack(0x0000009677400000,0x0000009677500000) (1024K)]
  0x0000027d8c8c9d50 JavaThread "Asynchronous log dispatcher for DefaultDaemonConnection: socket connection from /127.0.0.1:51436 to /127.0.0.1:51437"        [_thread_blocked, id=26452, stack(0x0000009677500000,0x0000009677600000) (1024K)]
  0x0000027d8c8c8310 JavaThread "Stdin handler"                     [_thread_blocked, id=13804, stack(0x0000009677600000,0x0000009677700000) (1024K)]
  0x0000027d8c8c9030 JavaThread "Daemon client event forwarder"        [_thread_blocked, id=5640, stack(0x0000009677700000,0x0000009677800000) (1024K)]
  0x0000027d8c8caa70 JavaThread "Cache worker for journal cache (C:\Users\--\.gradle\caches\journal-1)"        [_thread_blocked, id=2272, stack(0x0000009677800000,0x0000009677900000) (1024K)]
  0x0000027d8c8c75f0 JavaThread "File lock request listener"        [_thread_in_native, id=35652, stack(0x0000009677900000,0x0000009677a00000) (1024K)]
  0x0000027d8c8c7c80 JavaThread "Cache worker for file hash cache (C:\Users\--\.gradle\caches\9.7.1\fileHashes)"        [_thread_blocked, id=9564, stack(0x0000009677a00000,0x0000009677b00000) (1024K)]
  0x0000027d8c8c89a0 JavaThread "File lock release action executor"        [_thread_blocked, id=38416, stack(0x0000009677b00000,0x0000009677c00000) (1024K)]
  0x0000027d8e473100 JavaThread "Cache worker for file hash cache (C:\repos\NoNo\replica-app\.gradle\9.7.1\fileHashes)"        [_thread_blocked, id=32836, stack(0x0000009678600000,0x0000009678700000) (1024K)]
  0x0000027d8e472a70 JavaThread "Cache worker for Build Output Cleanup Cache (C:\repos\NoNo\replica-app\.gradle\buildOutputCleanup)"        [_thread_blocked, id=44252, stack(0x0000009678700000,0x0000009678800000) (1024K)]
  0x0000027d8e4744b0 JavaThread "File watcher server"        daemon [_thread_in_native, id=34992, stack(0x0000009678800000,0x0000009678900000) (1024K)]
  0x0000027d8e4723e0 JavaThread "File watcher consumer"      daemon [_thread_blocked, id=30752, stack(0x0000009678900000,0x0000009678a00000) (1024K)]
  0x0000027d8e473790 JavaThread "Cache worker for file content cache (C:\Users\--\.gradle\caches\9.7.1\fileContent)"        [_thread_blocked, id=32256, stack(0x0000009678a00000,0x0000009678b00000) (1024K)]
  0x0000027d8e471d50 JavaThread "Cache worker for checksums cache (C:\repos\NoNo\replica-app\.gradle\9.7.1\checksums)"        [_thread_blocked, id=31688, stack(0x0000009678b00000,0x0000009678c00000) (1024K)]
  0x0000027d8e4716c0 JavaThread "Cache worker for cache directory keyrings (C:\Users\--\.gradle\caches\keyrings)"        [_thread_blocked, id=40336, stack(0x0000009678c00000,0x0000009678d00000) (1024K)]
  0x0000027d8e477fc0 JavaThread "Cache worker for Signature verification cache (C:\repos\NoNo\replica-app\.gradle\9.7.1\signature-verification)"        [_thread_blocked, id=37516, stack(0x0000009678d00000,0x0000009678e00000) (1024K)]
  0x0000027d8e476580 JavaThread "Cache worker for cache directory md-supplier (C:\Users\--\.gradle\caches\9.7.1\md-supplier)"        [_thread_blocked, id=29516, stack(0x0000009678e00000,0x0000009678f00000) (1024K)]
  0x0000027d8e476c10 JavaThread "Cache worker for cache directory md-rule (C:\Users\--\.gradle\caches\9.7.1\md-rule)"        [_thread_blocked, id=13332, stack(0x0000009678f00000,0x0000009679000000) (1024K)]
  0x0000027d8e4751d0 JavaThread "jar transforms"                    [_thread_blocked, id=20224, stack(0x0000009676000000,0x0000009676100000) (1024K)]
  0x0000027d8e475860 JavaThread "jar transforms Thread 2"           [_thread_blocked, id=40448, stack(0x0000009679000000,0x0000009679100000) (1024K)]
  0x0000027d8f87e3e0 JavaThread "jar transforms Thread 3"           [_thread_blocked, id=33220, stack(0x0000009679100000,0x0000009679200000) (1024K)]
  0x0000027d8f87f100 JavaThread "Build operations"                  [_thread_blocked, id=23196, stack(0x0000009679200000,0x0000009679300000) (1024K)]
  0x0000027d8f87f790 JavaThread "Build operations Thread 2"         [_thread_blocked, id=7432, stack(0x0000009679300000,0x0000009679400000) (1024K)]
  0x0000027d8f87fe20 JavaThread "Build operations Thread 3"         [_thread_blocked, id=18896, stack(0x0000009679400000,0x0000009679500000) (1024K)]
  0x0000027d8f87d030 JavaThread "Build operations Thread 4"         [_thread_blocked, id=17712, stack(0x0000009679500000,0x0000009679600000) (1024K)]
  0x0000027d8f880b40 JavaThread "Build operations Thread 5"         [_thread_blocked, id=24308, stack(0x0000009679600000,0x0000009679700000) (1024K)]
  0x0000027d8f87d6c0 JavaThread "Build operations Thread 6"         [_thread_blocked, id=39528, stack(0x0000009679700000,0x0000009679800000) (1024K)]
  0x0000027d8f8811d0 JavaThread "Build operations Thread 7"         [_thread_blocked, id=30192, stack(0x0000009679800000,0x0000009679900000) (1024K)]
  0x0000027d8f87dd50 JavaThread "Build operations Thread 8"         [_thread_blocked, id=10344, stack(0x0000009679900000,0x0000009679a00000) (1024K)]
  0x0000027d8f882c10 JavaThread "Build operations Thread 9"         [_thread_blocked, id=17608, stack(0x0000009679a00000,0x0000009679b00000) (1024K)]
  0x0000027d8f883930 JavaThread "Build operations Thread 10"        [_thread_blocked, id=26544, stack(0x0000009679b00000,0x0000009679c00000) (1024K)]
  0x0000027d8f881860 JavaThread "Build operations Thread 11"        [_thread_blocked, id=16680, stack(0x0000009679c00000,0x0000009679d00000) (1024K)]
  0x0000027d8f882580 JavaThread "Build operations Thread 12"        [_thread_blocked, id=6216, stack(0x0000009679d00000,0x0000009679e00000) (1024K)]
  0x0000027d8f881ef0 JavaThread "Build operations Thread 13"        [_thread_blocked, id=27452, stack(0x0000009679e00000,0x0000009679f00000) (1024K)]
  0x0000027d8f8832a0 JavaThread "Build operations Thread 14"        [_thread_blocked, id=10804, stack(0x0000009679f00000,0x000000967a000000) (1024K)]
  0x0000027d8716a320 JavaThread "Build operations Thread 15"        [_thread_blocked, id=13364, stack(0x000000967a000000,0x000000967a100000) (1024K)]
  0x0000027d87168f70 JavaThread "Build operations Thread 16"        [_thread_blocked, id=28644, stack(0x000000967a100000,0x000000967a200000) (1024K)]
  0x0000027d8716b6d0 JavaThread "Build operations Thread 17"        [_thread_blocked, id=40016, stack(0x000000967a200000,0x000000967a300000) (1024K)]
  0x0000027d871688e0 JavaThread "Build operations Thread 18"        [_thread_blocked, id=8092, stack(0x000000967a300000,0x000000967a400000) (1024K)]
  0x0000027d8716a9b0 JavaThread "Build operations Thread 19"        [_thread_blocked, id=28288, stack(0x000000967a400000,0x000000967a500000) (1024K)]
  0x0000027d8716b040 JavaThread "Build operations Thread 20"        [_thread_blocked, id=36520, stack(0x000000967a500000,0x000000967a600000) (1024K)]
  0x0000027d8716bd60 JavaThread "Build operations Thread 21"        [_thread_blocked, id=34204, stack(0x000000967a600000,0x000000967a700000) (1024K)]
  0x0000027d87169c90 JavaThread "Build operations Thread 22"        [_thread_blocked, id=35228, stack(0x000000967a700000,0x000000967a800000) (1024K)]
  0x0000027d8716ca80 JavaThread "Build operations Thread 23"        [_thread_blocked, id=37896, stack(0x000000967a800000,0x000000967a900000) (1024K)]
  0x0000027d87169600 JavaThread "Build operations Thread 24"        [_thread_blocked, id=18272, stack(0x000000967a900000,0x000000967aa00000) (1024K)]
  0x0000027d8716e4c0 JavaThread "jar transforms Thread 4"           [_thread_blocked, id=28532, stack(0x000000967aa00000,0x000000967ab00000) (1024K)]
  0x0000027d8716eb50 JavaThread "jar transforms Thread 5"           [_thread_blocked, id=20016, stack(0x000000967ab00000,0x000000967ac00000) (1024K)]
  0x0000027d8716ff00 JavaThread "Memory manager"                    [_thread_blocked, id=8720, stack(0x000000967ac00000,0x000000967ad00000) (1024K)]
  0x0000027d90e19d60 JavaThread "build event listener"              [_thread_blocked, id=35532, stack(0x000000967ad00000,0x000000967ae00000) (1024K)]
  0x0000027d90e1b7a0 JavaThread "build event listener"              [_thread_blocked, id=1004, stack(0x000000967ae00000,0x000000967af00000) (1024K)]
  0x0000027d90e1df00 JavaThread "jar transforms Thread 6"           [_thread_blocked, id=37820, stack(0x000000967af00000,0x000000967b000000) (1024K)]
  0x0000027d9054b2b0 JavaThread "included builds"                   [_thread_blocked, id=19040, stack(0x000000967b100000,0x000000967b200000) (1024K)]
  0x0000027d9054b940 JavaThread "Execution worker"                  [_thread_blocked, id=45644, stack(0x000000967b200000,0x000000967b300000) (1024K)]
  0x0000027d905484c0 JavaThread "Execution worker Thread 2"         [_thread_blocked, id=47136, stack(0x000000967b300000,0x000000967b400000) (1024K)]
  0x0000027d9054da10 JavaThread "Execution worker Thread 3"         [_thread_blocked, id=30608, stack(0x000000967b400000,0x000000967b500000) (1024K)]
  0x0000027d9054bfd0 JavaThread "Execution worker Thread 4"         [_thread_blocked, id=35440, stack(0x000000967b500000,0x000000967b600000) (1024K)]
  0x0000027d9054c660 JavaThread "Execution worker Thread 5"         [_thread_blocked, id=43772, stack(0x000000967b600000,0x000000967b700000) (1024K)]
  0x0000027d9054ccf0 JavaThread "Execution worker Thread 6"         [_thread_blocked, id=39252, stack(0x000000967b700000,0x000000967b800000) (1024K)]
  0x0000027d9054d380 JavaThread "Execution worker Thread 7"         [_thread_blocked, id=26240, stack(0x000000967b800000,0x000000967b900000) (1024K)]
  0x0000027d8716de30 JavaThread "Execution worker Thread 8"         [_thread_blocked, id=11196, stack(0x000000967b900000,0x000000967ba00000) (1024K)]
  0x0000027d97cc78d0 JavaThread "Execution worker Thread 9"         [_thread_blocked, id=24928, stack(0x000000967ba00000,0x000000967bb00000) (1024K)]
  0x0000027d97cc7f60 JavaThread "Execution worker Thread 10"        [_thread_blocked, id=13848, stack(0x000000967bb00000,0x000000967bc00000) (1024K)]
  0x0000027d97cc85f0 JavaThread "Execution worker Thread 11"        [_thread_blocked, id=42080, stack(0x000000967bc00000,0x000000967bd00000) (1024K)]
  0x0000027d97cc6520 JavaThread "Execution worker Thread 12"        [_thread_blocked, id=30448, stack(0x000000967bd00000,0x000000967be00000) (1024K)]
  0x0000027d97cc7240 JavaThread "Execution worker Thread 13"        [_thread_blocked, id=17456, stack(0x000000967be00000,0x000000967bf00000) (1024K)]
  0x0000027d97cc6bb0 JavaThread "Execution worker Thread 14"        [_thread_blocked, id=35448, stack(0x000000967bf00000,0x000000967c000000) (1024K)]
  0x0000027d97cc9310 JavaThread "Execution worker Thread 15"        [_thread_blocked, id=27080, stack(0x000000967c000000,0x000000967c100000) (1024K)]
  0x0000027d97cc5e90 JavaThread "Execution worker Thread 16"        [_thread_blocked, id=4504, stack(0x000000967c100000,0x000000967c200000) (1024K)]
  0x0000027d97ccba70 JavaThread "Execution worker Thread 17"        [_thread_blocked, id=43876, stack(0x000000967c200000,0x000000967c300000) (1024K)]
  0x0000027d97cc8c80 JavaThread "Execution worker Thread 18"        [_thread_blocked, id=6736, stack(0x000000967c300000,0x000000967c400000) (1024K)]
  0x0000027d97ccc100 JavaThread "Execution worker Thread 19"        [_thread_blocked, id=30184, stack(0x000000967c400000,0x000000967c500000) (1024K)]
  0x0000027d97ccad50 JavaThread "Execution worker Thread 20"        [_thread_blocked, id=24984, stack(0x000000967c500000,0x000000967c600000) (1024K)]
  0x0000027d97ccb3e0 JavaThread "Execution worker Thread 21"        [_thread_blocked, id=19592, stack(0x000000967c600000,0x000000967c700000) (1024K)]
  0x0000027d97ccc790 JavaThread "Execution worker Thread 22"        [_thread_blocked, id=30776, stack(0x000000967c700000,0x000000967c800000) (1024K)]
  0x0000027d97ccce20 JavaThread "Execution worker Thread 23"        [_thread_blocked, id=47032, stack(0x000000967c800000,0x000000967c900000) (1024K)]
  0x0000027d97cc99a0 JavaThread "Cache worker for execution history cache (C:\repos\NoNo\replica-app\.gradle\9.7.1\executionHistory)"        [_thread_blocked, id=34320, stack(0x000000967c900000,0x000000967ca00000) (1024K)]
  0x0000027d98125450 JavaThread "WorkerExecutor Queue"              [_thread_blocked, id=33888, stack(0x000000967ca00000,0x000000967cb00000) (1024K)]
  0x0000027d98126170 JavaThread "DefaultDispatcher-worker-1" daemon [_thread_blocked, id=20964, stack(0x000000967cb00000,0x000000967cc00000) (1024K)]
  0x0000027d98122cf0 JavaThread "DefaultDispatcher-worker-2" daemon [_thread_blocked, id=47624, stack(0x000000967cc00000,0x000000967cd00000) (1024K)]
  0x0000027d98126800 JavaThread "DefaultDispatcher-worker-3" daemon [_thread_blocked, id=26828, stack(0x000000967cd00000,0x000000967ce00000) (1024K)]
  0x0000027d8dcaf500 JavaThread "Periodic tasks thread"      daemon [_thread_blocked, id=28264, stack(0x000000967ce00000,0x000000967cf00000) (1024K)]
  0x0000027d8dcb3010 JavaThread "ApplicationImpl pooled thread 1"        [_thread_blocked, id=41700, stack(0x000000967cf00000,0x000000967d000000) (1024K)]
  0x0000027d8dcb43c0 JavaThread "ForkJoinPool.commonPool-worker-1" daemon [_thread_blocked, id=1000, stack(0x000000967d000000,0x000000967d100000) (1024K)]
  0x0000027d8e478650 JavaThread "Java2D Disposer"            daemon [_thread_blocked, id=16124, stack(0x000000967d100000,0x000000967d200000) (1024K)]
  0x0000027d906fac70 JavaThread "AWT-Windows"                daemon [_thread_in_native, id=9720, stack(0x000000967d300000,0x000000967d400000) (1024K)]
  0x0000027d906fb990 JavaThread "ForkJoinPool.commonPool-worker-2" daemon [_thread_blocked, id=26460, stack(0x000000967d400000,0x000000967d500000) (1024K)]
  0x0000027d906ff4a0 JavaThread "ForkJoinPool.commonPool-worker-3" daemon [_thread_blocked, id=28604, stack(0x000000967d500000,0x000000967d600000) (1024K)]
  0x0000027da7cc6cb0 JavaThread "WorkerExecutor Queue Thread 2"        [_thread_blocked, id=23544, stack(0x000000967b000000,0x000000967b100000) (1024K)]
  0x0000027da72e64f0 JavaThread "RMI Scheduler(0)"           daemon [_thread_blocked, id=4976, stack(0x000000967d200000,0x000000967d300000) (1024K)]
  0x0000027da72e4ab0 JavaThread "RMI GC Daemon"              daemon [_thread_blocked, id=5736, stack(0x000000967d700000,0x000000967d800000) (1024K)]
  0x0000027da72e3070 JavaThread "RMI TCP Accept-0"           daemon [_thread_in_native, id=20760, stack(0x000000967d800000,0x000000967d900000) (1024K)]
  0x0000027da72e6b80 JavaThread "RMI Reaper"                        [_thread_blocked, id=24380, stack(0x000000967d900000,0x000000967da00000) (1024K)]
  0x0000027da72e3700 JavaThread "RMI TCP Connection(1)-127.0.0.1" daemon [_thread_in_native, id=47620, stack(0x000000967da00000,0x000000967db00000) (1024K)]
  0x0000027da75aae70 JavaThread "C1 CompilerThread1"         daemon [_thread_blocked, id=12188, stack(0x000000967db00000,0x000000967dc00000) (1024K)]
  0x0000027da75ab540 JavaThread "C1 CompilerThread2"         daemon [_thread_blocked, id=29684, stack(0x000000967dc00000,0x000000967dd00000) (1024K)]
  0x0000027da72e7210 JavaThread "pool-3-thread-1"                   [_thread_in_vm, id=14648, stack(0x000000967dd00000,0x000000967de00000) (1024K)]
Total: 113

Other Threads:
  0x0000027d870925a0 VMThread "VM Thread"                           [id=27040, stack(0x0000009675700000,0x0000009675800000) (1024K)]
  0x0000027d45947b00 WatcherThread "VM Periodic Task Thread"        [id=41064, stack(0x0000009675600000,0x0000009675700000) (1024K)]
  0x0000027d266dbb90 WorkerThread "GC Thread#0"                     [id=45640, stack(0x0000009675100000,0x0000009675200000) (1024K)]
  0x0000027d8c051700 WorkerThread "GC Thread#1"                     [id=21968, stack(0x0000009676300000,0x0000009676400000) (1024K)]
  0x0000027d87beba40 WorkerThread "GC Thread#2"                     [id=44012, stack(0x0000009676400000,0x0000009676500000) (1024K)]
  0x0000027d87bec600 WorkerThread "GC Thread#3"                     [id=22344, stack(0x0000009676500000,0x0000009676600000) (1024K)]
  0x0000027d878fdbd0 WorkerThread "GC Thread#4"                     [id=41952, stack(0x0000009676600000,0x0000009676700000) (1024K)]
  0x0000027d878fe390 WorkerThread "GC Thread#5"                     [id=47720, stack(0x0000009676700000,0x0000009676800000) (1024K)]
  0x0000027d87bde300 WorkerThread "GC Thread#6"                     [id=45528, stack(0x0000009676800000,0x0000009676900000) (1024K)]
  0x0000027d87bdee90 WorkerThread "GC Thread#7"                     [id=16100, stack(0x0000009676900000,0x0000009676a00000) (1024K)]
  0x0000027d87bdf240 WorkerThread "GC Thread#8"                     [id=21228, stack(0x0000009676a00000,0x0000009676b00000) (1024K)]
  0x0000027d8c2781c0 WorkerThread "GC Thread#9"                     [id=34940, stack(0x0000009676b00000,0x0000009676c00000) (1024K)]
  0x0000027d8c341390 WorkerThread "GC Thread#10"                    [id=45468, stack(0x0000009676c00000,0x0000009676d00000) (1024K)]
  0x0000027d8c340120 WorkerThread "GC Thread#11"                    [id=48060, stack(0x0000009676d00000,0x0000009676e00000) (1024K)]
  0x0000027d8dc3d770 WorkerThread "GC Thread#12"                    [id=43068, stack(0x0000009677c00000,0x0000009677d00000) (1024K)]
  0x0000027d8dc3f8a0 WorkerThread "GC Thread#13"                    [id=33448, stack(0x0000009677d00000,0x0000009677e00000) (1024K)]
  0x0000027d8dc3db20 WorkerThread "GC Thread#14"                    [id=30088, stack(0x0000009677e00000,0x0000009677f00000) (1024K)]
  0x0000027d8dc3f140 WorkerThread "GC Thread#15"                    [id=25472, stack(0x0000009677f00000,0x0000009678000000) (1024K)]
  0x0000027d8dc40ec0 WorkerThread "GC Thread#16"                    [id=29556, stack(0x0000009678000000,0x0000009678100000) (1024K)]
  0x0000027d8dc3fc50 WorkerThread "GC Thread#17"                    [id=19676, stack(0x0000009678100000,0x0000009678200000) (1024K)]
  0x0000027d266e8a90 ConcurrentGCThread "G1 Main Marker"            [id=41472, stack(0x0000009675200000,0x0000009675300000) (1024K)]
  0x0000027d266ea330 WorkerThread "G1 Conc#0"                       [id=21132, stack(0x0000009675300000,0x0000009675400000) (1024K)]
  0x0000027d8dc3d3c0 WorkerThread "G1 Conc#1"                       [id=19076, stack(0x0000009678200000,0x0000009678300000) (1024K)]
  0x0000027d8dc3e280 WorkerThread "G1 Conc#2"                       [id=23844, stack(0x0000009678300000,0x0000009678400000) (1024K)]
  0x0000027d8dc40000 WorkerThread "G1 Conc#3"                       [id=3280, stack(0x0000009678400000,0x0000009678500000) (1024K)]
  0x0000027d8dc3e630 WorkerThread "G1 Conc#4"                       [id=20524, stack(0x0000009678500000,0x0000009678600000) (1024K)]
  0x0000027d45893bc0 ConcurrentGCThread "G1 Refine#0"               [id=32052, stack(0x0000009675400000,0x0000009675500000) (1024K)]
  0x0000027d458943f0 ConcurrentGCThread "G1 Service"                [id=11432, stack(0x0000009675500000,0x0000009675600000) (1024K)]
Total: 28

Threads with active compile tasks:
C2 CompilerThread0  30818 27124       4       java.lang.invoke.MethodHandleImpl::makePairwiseConvertByEditor (617 bytes)
Total: 1

VM state: not at safepoint (normal execution)

VM Mutex/Monitor currently owned by a thread: None

Heap address: 0x0000000740000000, size: 3072 MB, Compressed Oops mode: Zero based, Oop shift amount: 3

CDS archive(s) mapped at: [0x0000027d46000000-0x0000027d46c80000-0x0000027d46c80000), size 13107200, SharedBaseAddress: 0x0000027d46000000, ArchiveRelocationMode: 1.
Compressed class space mapped at: 0x0000027d47000000-0x0000027d87000000, reserved size: 1073741824
Narrow klass base: 0x0000027d46000000, Narrow klass shift: 0, Narrow klass range: 0x100000000

GC Precious Log:
 CardTable entry size: 512
 Card Set container configuration: InlinePtr #cards 4 size 8 Array Of Cards #cards 16 size 48 Howl #buckets 8 coarsen threshold 3686 Howl Bitmap #cards 512 size 80 coarsen threshold 460 Card regions per heap region 1 cards per card region 4096
 CPUs: 24 total, 24 available
 Memory: 32466M
 Large Page Support: Disabled
 NUMA Support: Disabled
 Compressed Oops: Enabled (Zero based)
 Heap Region Size: 2M
 Heap Min Capacity: 8M
 Heap Initial Capacity: 508M
 Heap Max Capacity: 3G
 Pre-touch: Disabled
 Parallel Workers: 18
 Concurrent Workers: 5
 Concurrent Refinement Workers: 18
 Periodic GC: Disabled

Heap:
 garbage-first heap   total 393216K, used 251230K [0x0000000740000000, 0x0000000800000000)
  region size 2048K, 13 young (26624K), 4 survivors (8192K)
 Metaspace       used 200812K, committed 203712K, reserved 1245184K
  class space    used 26225K, committed 27648K, reserved 1048576K

Heap Regions: E=young(eden), S=young(survivor), O=old, HS=humongous(starts), HC=humongous(continues), CS=collection set, F=free, TAMS=top-at-mark-start, PB=parsable bottom
|   0|0x0000000740000000, 0x0000000740200000, 0x0000000740200000|100%|HS|  |TAMS 0x0000000740000000| PB 0x0000000740000000| Complete 
|   1|0x0000000740200000, 0x0000000740400000, 0x0000000740400000|100%|HC|  |TAMS 0x0000000740200000| PB 0x0000000740200000| Complete 
|   2|0x0000000740400000, 0x0000000740600000, 0x0000000740600000|100%| O|  |TAMS 0x0000000740400000| PB 0x0000000740400000| Untracked 
|   3|0x0000000740600000, 0x0000000740800000, 0x0000000740800000|100%| O|  |TAMS 0x0000000740600000| PB 0x0000000740600000| Untracked 
|   4|0x0000000740800000, 0x0000000740a00000, 0x0000000740a00000|100%| O|  |TAMS 0x0000000740800000| PB 0x0000000740800000| Untracked 
|   5|0x0000000740a00000, 0x0000000740c00000, 0x0000000740c00000|100%| O|  |TAMS 0x0000000740a00000| PB 0x0000000740a00000| Untracked 
|   6|0x0000000740c00000, 0x0000000740e00000, 0x0000000740e00000|100%| O|  |TAMS 0x0000000740c00000| PB 0x0000000740c00000| Untracked 
|   7|0x0000000740e00000, 0x0000000741000000, 0x0000000741000000|100%| O|  |TAMS 0x0000000740e00000| PB 0x0000000740e00000| Untracked 
|   8|0x0000000741000000, 0x0000000741200000, 0x0000000741200000|100%| O|  |TAMS 0x0000000741000000| PB 0x0000000741000000| Untracked 
|   9|0x0000000741200000, 0x0000000741400000, 0x0000000741400000|100%| O|  |TAMS 0x0000000741200000| PB 0x0000000741200000| Untracked 
|  10|0x0000000741400000, 0x0000000741600000, 0x0000000741600000|100%| O|  |TAMS 0x0000000741400000| PB 0x0000000741400000| Untracked 
|  11|0x0000000741600000, 0x0000000741800000, 0x0000000741800000|100%| O|  |TAMS 0x0000000741600000| PB 0x0000000741600000| Untracked 
|  12|0x0000000741800000, 0x0000000741a00000, 0x0000000741a00000|100%| O|  |TAMS 0x0000000741800000| PB 0x0000000741800000| Untracked 
|  13|0x0000000741a00000, 0x0000000741c00000, 0x0000000741c00000|100%| O|  |TAMS 0x0000000741a00000| PB 0x0000000741a00000| Untracked 
|  14|0x0000000741c00000, 0x0000000741e00000, 0x0000000741e00000|100%| O|  |TAMS 0x0000000741c00000| PB 0x0000000741c00000| Untracked 
|  15|0x0000000741e00000, 0x0000000742000000, 0x0000000742000000|100%| O|  |TAMS 0x0000000741e00000| PB 0x0000000741e00000| Untracked 
|  16|0x0000000742000000, 0x0000000742200000, 0x0000000742200000|100%| O|  |TAMS 0x0000000742000000| PB 0x0000000742000000| Untracked 
|  17|0x0000000742200000, 0x0000000742400000, 0x0000000742400000|100%| O|  |TAMS 0x0000000742200000| PB 0x0000000742200000| Untracked 
|  18|0x0000000742400000, 0x0000000742600000, 0x0000000742600000|100%|HS|  |TAMS 0x0000000742400000| PB 0x0000000742400000| Complete 
|  19|0x0000000742600000, 0x0000000742800000, 0x0000000742800000|100%| O|  |TAMS 0x0000000742600000| PB 0x0000000742600000| Untracked 
|  20|0x0000000742800000, 0x0000000742a00000, 0x0000000742a00000|100%| O|  |TAMS 0x0000000742800000| PB 0x0000000742800000| Untracked 
|  21|0x0000000742a00000, 0x0000000742c00000, 0x0000000742c00000|100%| O|  |TAMS 0x0000000742a00000| PB 0x0000000742a00000| Untracked 
|  22|0x0000000742c00000, 0x0000000742e00000, 0x0000000742e00000|100%| O|  |TAMS 0x0000000742c00000| PB 0x0000000742c00000| Untracked 
|  23|0x0000000742e00000, 0x0000000743000000, 0x0000000743000000|100%| O|  |TAMS 0x0000000742e00000| PB 0x0000000742e00000| Untracked 
|  24|0x0000000743000000, 0x0000000743200000, 0x0000000743200000|100%| O|  |TAMS 0x0000000743000000| PB 0x0000000743000000| Untracked 
|  25|0x0000000743200000, 0x0000000743400000, 0x0000000743400000|100%| O|  |TAMS 0x0000000743200000| PB 0x0000000743200000| Untracked 
|  26|0x0000000743400000, 0x0000000743600000, 0x0000000743600000|100%| O|  |TAMS 0x0000000743400000| PB 0x0000000743400000| Untracked 
|  27|0x0000000743600000, 0x0000000743800000, 0x0000000743800000|100%|HS|  |TAMS 0x0000000743600000| PB 0x0000000743600000| Complete 
|  28|0x0000000743800000, 0x0000000743a00000, 0x0000000743a00000|100%| O|  |TAMS 0x0000000743800000| PB 0x0000000743800000| Untracked 
|  29|0x0000000743a00000, 0x0000000743c00000, 0x0000000743c00000|100%| O|  |TAMS 0x0000000743a00000| PB 0x0000000743a00000| Untracked 
|  30|0x0000000743c00000, 0x0000000743e00000, 0x0000000743e00000|100%| O|  |TAMS 0x0000000743c00000| PB 0x0000000743c00000| Untracked 
|  31|0x0000000743e00000, 0x0000000744000000, 0x0000000744000000|100%| O|  |TAMS 0x0000000743e00000| PB 0x0000000743e00000| Untracked 
|  32|0x0000000744000000, 0x0000000744200000, 0x0000000744200000|100%| O|  |TAMS 0x0000000744000000| PB 0x0000000744000000| Untracked 
|  33|0x0000000744200000, 0x0000000744400000, 0x0000000744400000|100%| O|  |TAMS 0x0000000744200000| PB 0x0000000744200000| Untracked 
|  34|0x0000000744400000, 0x0000000744600000, 0x0000000744600000|100%| O|  |TAMS 0x0000000744400000| PB 0x0000000744400000| Untracked 
|  35|0x0000000744600000, 0x0000000744800000, 0x0000000744800000|100%| O|  |TAMS 0x0000000744600000| PB 0x0000000744600000| Untracked 
|  36|0x0000000744800000, 0x0000000744a00000, 0x0000000744a00000|100%| O|  |TAMS 0x0000000744800000| PB 0x0000000744800000| Untracked 
|  37|0x0000000744a00000, 0x0000000744c00000, 0x0000000744c00000|100%| O|  |TAMS 0x0000000744a00000| PB 0x0000000744a00000| Untracked 
|  38|0x0000000744c00000, 0x0000000744e00000, 0x0000000744e00000|100%| O|  |TAMS 0x0000000744c00000| PB 0x0000000744c00000| Untracked 
|  39|0x0000000744e00000, 0x0000000745000000, 0x0000000745000000|100%| O|  |TAMS 0x0000000744e00000| PB 0x0000000744e00000| Untracked 
|  40|0x0000000745000000, 0x0000000745200000, 0x0000000745200000|100%| O|Cm|TAMS 0x0000000745000000| PB 0x0000000745000000| Complete 
|  41|0x0000000745200000, 0x0000000745400000, 0x0000000745400000|100%| O|  |TAMS 0x0000000745200000| PB 0x0000000745200000| Untracked 
|  42|0x0000000745400000, 0x0000000745600000, 0x0000000745600000|100%| O|  |TAMS 0x0000000745400000| PB 0x0000000745400000| Untracked 
|  43|0x0000000745600000, 0x0000000745800000, 0x0000000745800000|100%| O|  |TAMS 0x0000000745600000| PB 0x0000000745600000| Untracked 
|  44|0x0000000745800000, 0x0000000745a00000, 0x0000000745a00000|100%| O|  |TAMS 0x0000000745800000| PB 0x0000000745800000| Untracked 
|  45|0x0000000745a00000, 0x0000000745c00000, 0x0000000745c00000|100%| O|  |TAMS 0x0000000745a00000| PB 0x0000000745a00000| Untracked 
|  46|0x0000000745c00000, 0x0000000745e00000, 0x0000000745e00000|100%| O|  |TAMS 0x0000000745c00000| PB 0x0000000745c00000| Untracked 
|  47|0x0000000745e00000, 0x0000000746000000, 0x0000000746000000|100%| O|  |TAMS 0x0000000745e00000| PB 0x0000000745e00000| Untracked 
|  48|0x0000000746000000, 0x0000000746200000, 0x0000000746200000|100%| O|  |TAMS 0x0000000746000000| PB 0x0000000746000000| Untracked 
|  49|0x0000000746200000, 0x0000000746400000, 0x0000000746400000|100%| O|  |TAMS 0x0000000746200000| PB 0x0000000746200000| Untracked 
|  50|0x0000000746400000, 0x0000000746600000, 0x0000000746600000|100%| O|  |TAMS 0x0000000746400000| PB 0x0000000746400000| Untracked 
|  51|0x0000000746600000, 0x0000000746800000, 0x0000000746800000|100%| O|  |TAMS 0x0000000746600000| PB 0x0000000746600000| Untracked 
|  52|0x0000000746800000, 0x0000000746a00000, 0x0000000746a00000|100%| O|  |TAMS 0x0000000746800000| PB 0x0000000746800000| Untracked 
|  53|0x0000000746a00000, 0x0000000746c00000, 0x0000000746c00000|100%| O|  |TAMS 0x0000000746a00000| PB 0x0000000746a00000| Untracked 
|  54|0x0000000746c00000, 0x0000000746e00000, 0x0000000746e00000|100%| O|  |TAMS 0x0000000746c00000| PB 0x0000000746c00000| Untracked 
|  55|0x0000000746e00000, 0x0000000747000000, 0x0000000747000000|100%| O|  |TAMS 0x0000000746e00000| PB 0x0000000746e00000| Untracked 
|  56|0x0000000747000000, 0x0000000747200000, 0x0000000747200000|100%| O|  |TAMS 0x0000000747000000| PB 0x0000000747000000| Untracked 
|  57|0x0000000747200000, 0x0000000747400000, 0x0000000747400000|100%| O|  |TAMS 0x0000000747200000| PB 0x0000000747200000| Untracked 
|  58|0x0000000747400000, 0x0000000747600000, 0x0000000747600000|100%| O|Cm|TAMS 0x0000000747400000| PB 0x0000000747400000| Complete 
|  59|0x0000000747600000, 0x0000000747800000, 0x0000000747800000|100%| O|  |TAMS 0x0000000747600000| PB 0x0000000747600000| Untracked 
|  60|0x0000000747800000, 0x0000000747a00000, 0x0000000747a00000|100%| O|  |TAMS 0x0000000747800000| PB 0x0000000747800000| Untracked 
|  61|0x0000000747a00000, 0x0000000747c00000, 0x0000000747c00000|100%| O|  |TAMS 0x0000000747a00000| PB 0x0000000747a00000| Untracked 
|  62|0x0000000747c00000, 0x0000000747e00000, 0x0000000747e00000|100%| O|  |TAMS 0x0000000747c00000| PB 0x0000000747c00000| Untracked 
|  63|0x0000000747e00000, 0x0000000748000000, 0x0000000748000000|100%|HS|  |TAMS 0x0000000747e00000| PB 0x0000000747e00000| Complete 
|  64|0x0000000748000000, 0x0000000748200000, 0x0000000748200000|100%|HC|  |TAMS 0x0000000748000000| PB 0x0000000748000000| Complete 
|  65|0x0000000748200000, 0x0000000748400000, 0x0000000748400000|100%|HC|  |TAMS 0x0000000748200000| PB 0x0000000748200000| Complete 
|  66|0x0000000748400000, 0x0000000748600000, 0x0000000748600000|100%| O|Cm|TAMS 0x0000000748400000| PB 0x0000000748400000| Complete 
|  67|0x0000000748600000, 0x0000000748800000, 0x0000000748800000|100%| O|  |TAMS 0x0000000748600000| PB 0x0000000748600000| Untracked 
|  68|0x0000000748800000, 0x0000000748a00000, 0x0000000748a00000|100%| O|  |TAMS 0x0000000748800000| PB 0x0000000748800000| Untracked 
|  69|0x0000000748a00000, 0x0000000748c00000, 0x0000000748c00000|100%| O|  |TAMS 0x0000000748a00000| PB 0x0000000748a00000| Untracked 
|  70|0x0000000748c00000, 0x0000000748e00000, 0x0000000748e00000|100%| O|  |TAMS 0x0000000748c00000| PB 0x0000000748c00000| Untracked 
|  71|0x0000000748e00000, 0x0000000749000000, 0x0000000749000000|100%| O|  |TAMS 0x0000000748e00000| PB 0x0000000748e00000| Untracked 
|  72|0x0000000749000000, 0x0000000749200000, 0x0000000749200000|100%| O|  |TAMS 0x0000000749000000| PB 0x0000000749000000| Untracked 
|  73|0x0000000749200000, 0x0000000749400000, 0x0000000749400000|100%| O|  |TAMS 0x0000000749200000| PB 0x0000000749200000| Untracked 
|  74|0x0000000749400000, 0x0000000749600000, 0x0000000749600000|100%| O|  |TAMS 0x0000000749400000| PB 0x0000000749400000| Untracked 
|  75|0x0000000749600000, 0x0000000749800000, 0x0000000749800000|100%| O|  |TAMS 0x0000000749600000| PB 0x0000000749600000| Untracked 
|  76|0x0000000749800000, 0x0000000749a00000, 0x0000000749a00000|100%| O|  |TAMS 0x0000000749800000| PB 0x0000000749800000| Untracked 
|  77|0x0000000749a00000, 0x0000000749c00000, 0x0000000749c00000|100%| O|  |TAMS 0x0000000749a00000| PB 0x0000000749a00000| Untracked 
|  78|0x0000000749c00000, 0x0000000749e00000, 0x0000000749e00000|100%| O|  |TAMS 0x0000000749c00000| PB 0x0000000749c00000| Untracked 
|  79|0x0000000749e00000, 0x000000074a000000, 0x000000074a000000|100%| O|  |TAMS 0x0000000749e00000| PB 0x0000000749e00000| Untracked 
|  80|0x000000074a000000, 0x000000074a200000, 0x000000074a200000|100%| O|  |TAMS 0x000000074a000000| PB 0x000000074a000000| Untracked 
|  81|0x000000074a200000, 0x000000074a400000, 0x000000074a400000|100%| O|  |TAMS 0x000000074a200000| PB 0x000000074a200000| Untracked 
|  82|0x000000074a400000, 0x000000074a600000, 0x000000074a600000|100%| O|  |TAMS 0x000000074a400000| PB 0x000000074a400000| Untracked 
|  83|0x000000074a600000, 0x000000074a800000, 0x000000074a800000|100%| O|  |TAMS 0x000000074a600000| PB 0x000000074a600000| Untracked 
|  84|0x000000074a800000, 0x000000074aa00000, 0x000000074aa00000|100%| O|  |TAMS 0x000000074a800000| PB 0x000000074a800000| Untracked 
|  85|0x000000074aa00000, 0x000000074ac00000, 0x000000074ac00000|100%| O|  |TAMS 0x000000074aa00000| PB 0x000000074aa00000| Untracked 
|  86|0x000000074ac00000, 0x000000074ae00000, 0x000000074ae00000|100%| O|  |TAMS 0x000000074ac00000| PB 0x000000074ac00000| Untracked 
|  87|0x000000074ae00000, 0x000000074b000000, 0x000000074b000000|100%| O|  |TAMS 0x000000074ae00000| PB 0x000000074ae00000| Untracked 
|  88|0x000000074b000000, 0x000000074b200000, 0x000000074b200000|100%| O|  |TAMS 0x000000074b000000| PB 0x000000074b000000| Untracked 
|  89|0x000000074b200000, 0x000000074b400000, 0x000000074b400000|100%| O|  |TAMS 0x000000074b200000| PB 0x000000074b200000| Untracked 
|  90|0x000000074b400000, 0x000000074b600000, 0x000000074b600000|100%| O|  |TAMS 0x000000074b400000| PB 0x000000074b400000| Untracked 
|  91|0x000000074b600000, 0x000000074b800000, 0x000000074b800000|100%| O|  |TAMS 0x000000074b600000| PB 0x000000074b600000| Untracked 
|  92|0x000000074b800000, 0x000000074ba00000, 0x000000074ba00000|100%| O|  |TAMS 0x000000074b800000| PB 0x000000074b800000| Untracked 
|  93|0x000000074ba00000, 0x000000074bc00000, 0x000000074bc00000|100%| O|  |TAMS 0x000000074ba00000| PB 0x000000074ba00000| Untracked 
|  94|0x000000074bc00000, 0x000000074be00000, 0x000000074be00000|100%| O|  |TAMS 0x000000074bc00000| PB 0x000000074bc00000| Untracked 
|  95|0x000000074be00000, 0x000000074c000000, 0x000000074c000000|100%| O|  |TAMS 0x000000074be00000| PB 0x000000074be00000| Untracked 
|  96|0x000000074c000000, 0x000000074c200000, 0x000000074c200000|100%| O|Cm|TAMS 0x000000074c000000| PB 0x000000074c000000| Complete 
|  97|0x000000074c200000, 0x000000074c400000, 0x000000074c400000|100%| O|  |TAMS 0x000000074c200000| PB 0x000000074c200000| Untracked 
|  98|0x000000074c400000, 0x000000074c600000, 0x000000074c600000|100%| O|  |TAMS 0x000000074c400000| PB 0x000000074c400000| Untracked 
|  99|0x000000074c600000, 0x000000074c800000, 0x000000074c800000|100%| O|  |TAMS 0x000000074c600000| PB 0x000000074c600000| Untracked 
| 100|0x000000074c800000, 0x000000074ca00000, 0x000000074ca00000|100%| O|  |TAMS 0x000000074c800000| PB 0x000000074c800000| Untracked 
| 101|0x000000074ca00000, 0x000000074cc00000, 0x000000074cc00000|100%| O|  |TAMS 0x000000074ca00000| PB 0x000000074ca00000| Untracked 
| 102|0x000000074cc00000, 0x000000074ce00000, 0x000000074ce00000|100%| O|  |TAMS 0x000000074cc00000| PB 0x000000074cc00000| Untracked 
| 103|0x000000074ce00000, 0x000000074d000000, 0x000000074d000000|100%| O|  |TAMS 0x000000074ce00000| PB 0x000000074ce00000| Untracked 
| 104|0x000000074d000000, 0x000000074d200000, 0x000000074d200000|100%| O|  |TAMS 0x000000074d000000| PB 0x000000074d000000| Untracked 
| 105|0x000000074d200000, 0x000000074d400000, 0x000000074d400000|100%|HS|  |TAMS 0x000000074d200000| PB 0x000000074d200000| Complete 
| 106|0x000000074d400000, 0x000000074d600000, 0x000000074d600000|100%|HC|  |TAMS 0x000000074d400000| PB 0x000000074d400000| Complete 
| 107|0x000000074d600000, 0x000000074d600000, 0x000000074d800000|  0%| F|  |TAMS 0x000000074d600000| PB 0x000000074d600000| Untracked 
| 108|0x000000074d800000, 0x000000074d800000, 0x000000074da00000|  0%| F|  |TAMS 0x000000074d800000| PB 0x000000074d800000| Untracked 
| 109|0x000000074da00000, 0x000000074da00000, 0x000000074dc00000|  0%| F|  |TAMS 0x000000074da00000| PB 0x000000074da00000| Untracked 
| 110|0x000000074dc00000, 0x000000074dc00000, 0x000000074de00000|  0%| F|  |TAMS 0x000000074dc00000| PB 0x000000074dc00000| Untracked 
| 111|0x000000074de00000, 0x000000074de00000, 0x000000074e000000|  0%| F|  |TAMS 0x000000074de00000| PB 0x000000074de00000| Untracked 
| 112|0x000000074e000000, 0x000000074e000000, 0x000000074e200000|  0%| F|  |TAMS 0x000000074e000000| PB 0x000000074e000000| Untracked 
| 113|0x000000074e200000, 0x000000074e400000, 0x000000074e400000|100%| O|  |TAMS 0x000000074e200000| PB 0x000000074e200000| Untracked 
| 114|0x000000074e400000, 0x000000074e600000, 0x000000074e600000|100%| O|  |TAMS 0x000000074e400000| PB 0x000000074e400000| Untracked 
| 115|0x000000074e600000, 0x000000074e78e520, 0x000000074e800000| 77%| O|  |TAMS 0x000000074e600000| PB 0x000000074e600000| Untracked 
| 116|0x000000074e800000, 0x000000074e800000, 0x000000074ea00000|  0%| F|  |TAMS 0x000000074e800000| PB 0x000000074e800000| Untracked 
| 117|0x000000074ea00000, 0x000000074ea00000, 0x000000074ec00000|  0%| F|  |TAMS 0x000000074ea00000| PB 0x000000074ea00000| Untracked 
| 118|0x000000074ec00000, 0x000000074ec00000, 0x000000074ee00000|  0%| F|  |TAMS 0x000000074ec00000| PB 0x000000074ec00000| Untracked 
| 119|0x000000074ee00000, 0x000000074ee00000, 0x000000074f000000|  0%| F|  |TAMS 0x000000074ee00000| PB 0x000000074ee00000| Untracked 
| 120|0x000000074f000000, 0x000000074f000000, 0x000000074f200000|  0%| F|  |TAMS 0x000000074f000000| PB 0x000000074f000000| Untracked 
| 121|0x000000074f200000, 0x000000074f200000, 0x000000074f400000|  0%| F|  |TAMS 0x000000074f200000| PB 0x000000074f200000| Untracked 
| 122|0x000000074f400000, 0x000000074f400000, 0x000000074f600000|  0%| F|  |TAMS 0x000000074f400000| PB 0x000000074f400000| Untracked 
| 123|0x000000074f600000, 0x000000074f600000, 0x000000074f800000|  0%| F|  |TAMS 0x000000074f600000| PB 0x000000074f600000| Untracked 
| 124|0x000000074f800000, 0x000000074f800000, 0x000000074fa00000|  0%| F|  |TAMS 0x000000074f800000| PB 0x000000074f800000| Untracked 
| 125|0x000000074fa00000, 0x000000074fa00000, 0x000000074fc00000|  0%| F|  |TAMS 0x000000074fa00000| PB 0x000000074fa00000| Untracked 
| 126|0x000000074fc00000, 0x000000074fc00000, 0x000000074fe00000|  0%| F|  |TAMS 0x000000074fc00000| PB 0x000000074fc00000| Untracked 
| 127|0x000000074fe00000, 0x000000074fe00000, 0x0000000750000000|  0%| F|  |TAMS 0x000000074fe00000| PB 0x000000074fe00000| Untracked 
| 128|0x0000000750000000, 0x0000000750000000, 0x0000000750200000|  0%| F|  |TAMS 0x0000000750000000| PB 0x0000000750000000| Untracked 
| 129|0x0000000750200000, 0x0000000750200000, 0x0000000750400000|  0%| F|  |TAMS 0x0000000750200000| PB 0x0000000750200000| Untracked 
| 130|0x0000000750400000, 0x0000000750400000, 0x0000000750600000|  0%| F|  |TAMS 0x0000000750400000| PB 0x0000000750400000| Untracked 
| 131|0x0000000750600000, 0x0000000750600000, 0x0000000750800000|  0%| F|  |TAMS 0x0000000750600000| PB 0x0000000750600000| Untracked 
| 132|0x0000000750800000, 0x0000000750800000, 0x0000000750a00000|  0%| F|  |TAMS 0x0000000750800000| PB 0x0000000750800000| Untracked 
| 133|0x0000000750a00000, 0x0000000750a00000, 0x0000000750c00000|  0%| F|  |TAMS 0x0000000750a00000| PB 0x0000000750a00000| Untracked 
| 134|0x0000000750c00000, 0x0000000750c00000, 0x0000000750e00000|  0%| F|  |TAMS 0x0000000750c00000| PB 0x0000000750c00000| Untracked 
| 135|0x0000000750e00000, 0x0000000750fc95d0, 0x0000000751000000| 89%| S|CS|TAMS 0x0000000750e00000| PB 0x0000000750e00000| Complete 
| 136|0x0000000751000000, 0x0000000751200000, 0x0000000751200000|100%| S|CS|TAMS 0x0000000751000000| PB 0x0000000751000000| Complete 
| 137|0x0000000751200000, 0x0000000751400000, 0x0000000751400000|100%| S|CS|TAMS 0x0000000751200000| PB 0x0000000751200000| Complete 
| 138|0x0000000751400000, 0x0000000751600000, 0x0000000751600000|100%| S|CS|TAMS 0x0000000751400000| PB 0x0000000751400000| Complete 
| 139|0x0000000751600000, 0x0000000751600000, 0x0000000751800000|  0%| F|  |TAMS 0x0000000751600000| PB 0x0000000751600000| Untracked 
| 140|0x0000000751800000, 0x0000000751800000, 0x0000000751a00000|  0%| F|  |TAMS 0x0000000751800000| PB 0x0000000751800000| Untracked 
| 141|0x0000000751a00000, 0x0000000751a00000, 0x0000000751c00000|  0%| F|  |TAMS 0x0000000751a00000| PB 0x0000000751a00000| Untracked 
| 142|0x0000000751c00000, 0x0000000751c00000, 0x0000000751e00000|  0%| F|  |TAMS 0x0000000751c00000| PB 0x0000000751c00000| Untracked 
| 143|0x0000000751e00000, 0x0000000751e00000, 0x0000000752000000|  0%| F|  |TAMS 0x0000000751e00000| PB 0x0000000751e00000| Untracked 
| 144|0x0000000752000000, 0x0000000752000000, 0x0000000752200000|  0%| F|  |TAMS 0x0000000752000000| PB 0x0000000752000000| Untracked 
| 145|0x0000000752200000, 0x0000000752200000, 0x0000000752400000|  0%| F|  |TAMS 0x0000000752200000| PB 0x0000000752200000| Untracked 
| 146|0x0000000752400000, 0x0000000752400000, 0x0000000752600000|  0%| F|  |TAMS 0x0000000752400000| PB 0x0000000752400000| Untracked 
| 147|0x0000000752600000, 0x0000000752600000, 0x0000000752800000|  0%| F|  |TAMS 0x0000000752600000| PB 0x0000000752600000| Untracked 
| 148|0x0000000752800000, 0x0000000752800000, 0x0000000752a00000|  0%| F|  |TAMS 0x0000000752800000| PB 0x0000000752800000| Untracked 
| 149|0x0000000752a00000, 0x0000000752a00000, 0x0000000752c00000|  0%| F|  |TAMS 0x0000000752a00000| PB 0x0000000752a00000| Untracked 
| 150|0x0000000752c00000, 0x0000000752c00000, 0x0000000752e00000|  0%| F|  |TAMS 0x0000000752c00000| PB 0x0000000752c00000| Untracked 
| 151|0x0000000752e00000, 0x0000000752e00000, 0x0000000753000000|  0%| F|  |TAMS 0x0000000752e00000| PB 0x0000000752e00000| Untracked 
| 152|0x0000000753000000, 0x0000000753000000, 0x0000000753200000|  0%| F|  |TAMS 0x0000000753000000| PB 0x0000000753000000| Untracked 
| 153|0x0000000753200000, 0x0000000753200000, 0x0000000753400000|  0%| F|  |TAMS 0x0000000753200000| PB 0x0000000753200000| Untracked 
| 154|0x0000000753400000, 0x0000000753400000, 0x0000000753600000|  0%| F|  |TAMS 0x0000000753400000| PB 0x0000000753400000| Untracked 
| 155|0x0000000753600000, 0x0000000753600000, 0x0000000753800000|  0%| F|  |TAMS 0x0000000753600000| PB 0x0000000753600000| Untracked 
| 156|0x0000000753800000, 0x0000000753800000, 0x0000000753a00000|  0%| F|  |TAMS 0x0000000753800000| PB 0x0000000753800000| Untracked 
| 157|0x0000000753a00000, 0x0000000753a00000, 0x0000000753c00000|  0%| F|  |TAMS 0x0000000753a00000| PB 0x0000000753a00000| Untracked 
| 158|0x0000000753c00000, 0x0000000753c00000, 0x0000000753e00000|  0%| F|  |TAMS 0x0000000753c00000| PB 0x0000000753c00000| Untracked 
| 159|0x0000000753e00000, 0x0000000753e00000, 0x0000000754000000|  0%| F|  |TAMS 0x0000000753e00000| PB 0x0000000753e00000| Untracked 
| 160|0x0000000754000000, 0x0000000754000000, 0x0000000754200000|  0%| F|  |TAMS 0x0000000754000000| PB 0x0000000754000000| Untracked 
| 161|0x0000000754200000, 0x0000000754200000, 0x0000000754400000|  0%| F|  |TAMS 0x0000000754200000| PB 0x0000000754200000| Untracked 
| 162|0x0000000754400000, 0x0000000754400000, 0x0000000754600000|  0%| F|  |TAMS 0x0000000754400000| PB 0x0000000754400000| Untracked 
| 163|0x0000000754600000, 0x0000000754600000, 0x0000000754800000|  0%| F|  |TAMS 0x0000000754600000| PB 0x0000000754600000| Untracked 
| 164|0x0000000754800000, 0x0000000754800000, 0x0000000754a00000|  0%| F|  |TAMS 0x0000000754800000| PB 0x0000000754800000| Untracked 
| 165|0x0000000754a00000, 0x0000000754a00000, 0x0000000754c00000|  0%| F|  |TAMS 0x0000000754a00000| PB 0x0000000754a00000| Untracked 
| 166|0x0000000754c00000, 0x0000000754c00000, 0x0000000754e00000|  0%| F|  |TAMS 0x0000000754c00000| PB 0x0000000754c00000| Untracked 
| 167|0x0000000754e00000, 0x0000000754e00000, 0x0000000755000000|  0%| F|  |TAMS 0x0000000754e00000| PB 0x0000000754e00000| Untracked 
| 168|0x0000000755000000, 0x0000000755000000, 0x0000000755200000|  0%| F|  |TAMS 0x0000000755000000| PB 0x0000000755000000| Untracked 
| 169|0x0000000755200000, 0x0000000755200000, 0x0000000755400000|  0%| F|  |TAMS 0x0000000755200000| PB 0x0000000755200000| Untracked 
| 170|0x0000000755400000, 0x0000000755400000, 0x0000000755600000|  0%| F|  |TAMS 0x0000000755400000| PB 0x0000000755400000| Untracked 
| 171|0x0000000755600000, 0x0000000755600000, 0x0000000755800000|  0%| F|  |TAMS 0x0000000755600000| PB 0x0000000755600000| Untracked 
| 172|0x0000000755800000, 0x0000000755800000, 0x0000000755a00000|  0%| F|  |TAMS 0x0000000755800000| PB 0x0000000755800000| Untracked 
| 173|0x0000000755a00000, 0x0000000755a00000, 0x0000000755c00000|  0%| F|  |TAMS 0x0000000755a00000| PB 0x0000000755a00000| Untracked 
| 174|0x0000000755c00000, 0x0000000755c00000, 0x0000000755e00000|  0%| F|  |TAMS 0x0000000755c00000| PB 0x0000000755c00000| Untracked 
| 175|0x0000000755e00000, 0x0000000755e00000, 0x0000000756000000|  0%| F|  |TAMS 0x0000000755e00000| PB 0x0000000755e00000| Untracked 
| 176|0x0000000756000000, 0x0000000756000000, 0x0000000756200000|  0%| F|  |TAMS 0x0000000756000000| PB 0x0000000756000000| Untracked 
| 177|0x0000000756200000, 0x0000000756200000, 0x0000000756400000|  0%| F|  |TAMS 0x0000000756200000| PB 0x0000000756200000| Untracked 
| 178|0x0000000756400000, 0x0000000756400000, 0x0000000756600000|  0%| F|  |TAMS 0x0000000756400000| PB 0x0000000756400000| Untracked 
| 179|0x0000000756600000, 0x0000000756600000, 0x0000000756800000|  0%| F|  |TAMS 0x0000000756600000| PB 0x0000000756600000| Untracked 
| 180|0x0000000756800000, 0x0000000756817c30, 0x0000000756a00000|  4%| E|  |TAMS 0x0000000756800000| PB 0x0000000756800000| Complete 
| 234|0x000000075d400000, 0x000000075d600000, 0x000000075d600000|100%| E|CS|TAMS 0x000000075d400000| PB 0x000000075d400000| Complete 
| 235|0x000000075d600000, 0x000000075d800000, 0x000000075d800000|100%| E|CS|TAMS 0x000000075d600000| PB 0x000000075d600000| Complete 
| 236|0x000000075d800000, 0x000000075da00000, 0x000000075da00000|100%| E|  |TAMS 0x000000075d800000| PB 0x000000075d800000| Complete 
| 237|0x000000075da00000, 0x000000075dc00000, 0x000000075dc00000|100%| E|CS|TAMS 0x000000075da00000| PB 0x000000075da00000| Complete 
| 238|0x000000075dc00000, 0x000000075de00000, 0x000000075de00000|100%| E|CS|TAMS 0x000000075dc00000| PB 0x000000075dc00000| Complete 
| 253|0x000000075fa00000, 0x000000075fc00000, 0x000000075fc00000|100%| E|CS|TAMS 0x000000075fa00000| PB 0x000000075fa00000| Complete 
|1531|0x00000007ff600000, 0x00000007ff800000, 0x00000007ff800000|100%| E|CS|TAMS 0x00000007ff600000| PB 0x00000007ff600000| Complete 
|1532|0x00000007ff800000, 0x00000007ffa00000, 0x00000007ffa00000|100%| O|  |TAMS 0x00000007ff800000| PB 0x00000007ff800000| Untracked 
|1533|0x00000007ffa00000, 0x00000007ffc00000, 0x00000007ffc00000|100%| E|CS|TAMS 0x00000007ffa00000| PB 0x00000007ffa00000| Complete 
|1534|0x00000007ffc00000, 0x00000007ffe00000, 0x00000007ffe00000|100%| O|  |TAMS 0x00000007ffc00000| PB 0x00000007ffc00000| Untracked 
|1535|0x00000007ffe00000, 0x0000000800000000, 0x0000000800000000|100%| E|CS|TAMS 0x00000007ffe00000| PB 0x00000007ffe00000| Complete 

Card table byte_map: [0x0000027d3f160000,0x0000027d3f760000] _byte_map_base: 0x0000027d3b760000

Marking Bits: (CMBitMap*) 0x0000027d266dc1b0
 Bits: [0x0000027d3f760000, 0x0000027d42760000)

Polling page: 0x0000027d248a0000

Metaspace:

Usage:
  Non-class:    170.54 MB used.
      Class:     25.61 MB used.
       Both:    196.16 MB used.

Virtual space:
  Non-class space:      192.00 MB reserved,     172.00 MB ( 90%) committed,  3 nodes.
      Class space:        1.00 GB reserved,      27.00 MB (  3%) committed,  1 nodes.
             Both:        1.19 GB reserved,     199.00 MB ( 16%) committed. 

Chunk freelists:
   Non-Class:  3.36 MB
       Class:  4.88 MB
        Both:  8.23 MB

MaxMetaspaceSize: unlimited
CompressedClassSpaceSize: 1.00 GB
Initial GC threshold: 21.00 MB
Current GC threshold: 296.56 MB
CDS: on
 - commit_granule_bytes: 65536.
 - commit_granule_words: 8192.
 - virtual_space_node_default_size: 8388608.
 - enlarge_chunks_in_place: 1.
 - use_allocation_guard: 0.


Internal statistics:

num_allocs_failed_limit: 6.
num_arena_births: 5296.
num_arena_deaths: 0.
num_vsnodes_births: 4.
num_vsnodes_deaths: 0.
num_space_committed: 3182.
num_space_uncommitted: 0.
num_chunks_returned_to_freelist: 6.
num_chunks_taken_from_freelist: 13763.
num_chunk_merges: 6.
num_chunk_splits: 9613.
num_chunks_enlarged: 6671.
num_inconsistent_stats: 0.

CodeHeap 'non-profiled nmethods': size=119168Kb used=11993Kb max_used=12027Kb free=107174Kb
 bounds [0x0000027d36930000, 0x0000027d37500000, 0x0000027d3dd90000]
CodeHeap 'profiled nmethods': size=119104Kb used=49328Kb max_used=51172Kb free=69775Kb
 bounds [0x0000027d2ed90000, 0x0000027d31f90000, 0x0000027d361e0000]
CodeHeap 'non-nmethods': size=7488Kb used=3477Kb max_used=3492Kb free=4010Kb
 bounds [0x0000027d361e0000, 0x0000027d36560000, 0x0000027d36930000]
CodeCache: size=245760Kb, used=64798Kb, max_used=66691Kb, free=180959Kb
 total_blobs=23476, nmethods=22297, adapters=1079, full_count=0
Compilation: enabled, stopped_count=0, restarted_count=0

Compilation events (20 events):
Event: 28.556 Thread 0x0000027da75aae70 27118       3       kotlin.text.CharsKt__CharJVMKt::isWhitespace (20 bytes)
Event: 28.556 Thread 0x0000027da75aae70 nmethod 27118 0x0000027d30813f90 code [0x0000027d308141a0, 0x0000027d30814738]
Event: 28.556 Thread 0x0000027da75aae70 27115       3       kotlin.io.LinesSequence$iterator$1::next (31 bytes)
Event: 28.556 Thread 0x0000027da75ab540 nmethod 27120 0x0000027d30cd0010 code [0x0000027d30cd0200, 0x0000027d30cd0748]
Event: 28.556 Thread 0x0000027da75ab540 27121       3       kotlin.collections.builders.SetBuilder::add (17 bytes)
Event: 28.556 Thread 0x0000027da75ab540 nmethod 27121 0x0000027d3068e190 code [0x0000027d3068e340, 0x0000027d3068e4e0]
Event: 28.556 Thread 0x0000027da75ab540 27116       3       kotlin.io.TextStreamsKt$$Lambda/0x0000027d48a0ed50::invoke (12 bytes)
Event: 28.556 Thread 0x0000027da75aae70 nmethod 27115 0x0000027d31335a10 code [0x0000027d31335c40, 0x0000027d31336338]
Event: 28.556 Thread 0x0000027da75aae70 27117       3       kotlin.io.TextStreamsKt::readLines$lambda$0 (17 bytes)
Event: 28.556 Thread 0x0000027d870b97a0 nmethod 27119 0x0000027d31218010 code [0x0000027d31218300, 0x0000027d312192e0]
Event: 28.556 Thread 0x0000027da75ab540 nmethod 27116 0x0000027d315d5990 code [0x0000027d315d5be0, 0x0000027d315d63e0]
Event: 28.556 Thread 0x0000027da75aae70 nmethod 27117 0x0000027d3065cb90 code [0x0000027d3065cdc0, 0x0000027d3065d430]
Event: 28.697 Thread 0x0000027da75aae70 27122       1       org.jetbrains.kotlin.com.intellij.util.SmartList::size (5 bytes)
Event: 28.697 Thread 0x0000027da75aae70 nmethod 27122 0x0000027d37011190 code [0x0000027d37011320, 0x0000027d370113e8]
Event: 28.728 Thread 0x0000027da75aae70 27123       1       kotlinx.coroutines.channels.ChannelSegment::getData (5 bytes)
Event: 28.728 Thread 0x0000027da75aae70 nmethod 27123 0x0000027d37010e90 code [0x0000027d37011020, 0x0000027d370110f0]
Event: 28.780 Thread 0x0000027d870b6550 27124       4       java.lang.invoke.MethodHandleImpl::makePairwiseConvertByEditor (617 bytes)
Event: 28.866 Thread 0x0000027da75ab540 27126       3       java.util.HashMap$ValueSpliterator::forEachRemaining (186 bytes)
Event: 28.866 Thread 0x0000027d870b97a0 27128       3       sun.management.spi.PlatformMBeanProvider$PlatformComponent$$Lambda/0x0000027d47078a38::apply (9 bytes)
Event: 28.866 Thread 0x0000027da75aae70 27127       3       sun.management.spi.PlatformMBeanProvider$PlatformComponent$$Lambda/0x0000027d470787e0::test (9 bytes)

GC Heap History (20 events):
Event: 17.427 GC heap before
{Heap before GC invocations=55 (full 0):
 garbage-first heap   total 284672K, used 230847K [0x0000000740000000, 0x0000000800000000)
  region size 2048K, 34 young (69632K), 3 survivors (6144K)
 Metaspace       used 144089K, committed 146752K, reserved 1179648K
  class space    used 19488K, committed 20800K, reserved 1048576K
}
Event: 17.429 GC heap after
{Heap after GC invocations=56 (full 0):
 garbage-first heap   total 284672K, used 170191K [0x0000000740000000, 0x0000000800000000)
  region size 2048K, 5 young (10240K), 5 survivors (10240K)
 Metaspace       used 144089K, committed 146752K, reserved 1179648K
  class space    used 19488K, committed 20800K, reserved 1048576K
}
Event: 17.929 GC heap before
{Heap before GC invocations=56 (full 0):
 garbage-first heap   total 284672K, used 254159K [0x0000000740000000, 0x0000000800000000)
  region size 2048K, 46 young (94208K), 5 survivors (10240K)
 Metaspace       used 151835K, committed 154496K, reserved 1245184K
  class space    used 20289K, committed 21632K, reserved 1048576K
}
Event: 17.933 GC heap after
{Heap after GC invocations=57 (full 0):
 garbage-first heap   total 286720K, used 185699K [0x0000000740000000, 0x0000000800000000)
  region size 2048K, 6 young (12288K), 6 survivors (12288K)
 Metaspace       used 151835K, committed 154496K, reserved 1245184K
  class space    used 20289K, committed 21632K, reserved 1048576K
}
Event: 18.510 GC heap before
{Heap before GC invocations=57 (full 0):
 garbage-first heap   total 286720K, used 253283K [0x0000000740000000, 0x0000000800000000)
  region size 2048K, 39 young (79872K), 6 survivors (12288K)
 Metaspace       used 157926K, committed 160640K, reserved 1245184K
  class space    used 20856K, committed 22208K, reserved 1048576K
}
Event: 18.514 GC heap after
{Heap after GC invocations=58 (full 0):
 garbage-first heap   total 286720K, used 199268K [0x0000000740000000, 0x0000000800000000)
  region size 2048K, 5 young (10240K), 5 survivors (10240K)
 Metaspace       used 157926K, committed 160640K, reserved 1245184K
  class space    used 20856K, committed 22208K, reserved 1048576K
}
Event: 19.185 GC heap before
{Heap before GC invocations=59 (full 0):
 garbage-first heap   total 335872K, used 256612K [0x0000000740000000, 0x0000000800000000)
  region size 2048K, 33 young (67584K), 5 survivors (10240K)
 Metaspace       used 164333K, committed 166976K, reserved 1245184K
  class space    used 21513K, committed 22848K, reserved 1048576K
}
Event: 19.188 GC heap after
{Heap after GC invocations=60 (full 0):
 garbage-first heap   total 335872K, used 204896K [0x0000000740000000, 0x0000000800000000)
  region size 2048K, 3 young (6144K), 3 survivors (6144K)
 Metaspace       used 164333K, committed 166976K, reserved 1245184K
  class space    used 21513K, committed 22848K, reserved 1048576K
}
Event: 20.235 GC heap before
{Heap before GC invocations=60 (full 0):
 garbage-first heap   total 335872K, used 299104K [0x0000000740000000, 0x0000000800000000)
  region size 2048K, 49 young (100352K), 3 survivors (6144K)
 Metaspace       used 165437K, committed 168128K, reserved 1245184K
  class space    used 21629K, committed 22976K, reserved 1048576K
}
Event: 20.238 GC heap after
{Heap after GC invocations=61 (full 0):
 garbage-first heap   total 335872K, used 204613K [0x0000000740000000, 0x0000000800000000)
  region size 2048K, 3 young (6144K), 3 survivors (6144K)
 Metaspace       used 165437K, committed 168128K, reserved 1245184K
  class space    used 21629K, committed 22976K, reserved 1048576K
}
Event: 20.720 GC heap before
{Heap before GC invocations=61 (full 0):
 garbage-first heap   total 335872K, used 307013K [0x0000000740000000, 0x0000000800000000)
  region size 2048K, 53 young (108544K), 3 survivors (6144K)
 Metaspace       used 169553K, committed 172224K, reserved 1245184K
  class space    used 22201K, committed 23552K, reserved 1048576K
}
Event: 20.724 GC heap after
{Heap after GC invocations=62 (full 0):
 garbage-first heap   total 335872K, used 209648K [0x0000000740000000, 0x0000000800000000)
  region size 2048K, 6 young (12288K), 6 survivors (12288K)
 Metaspace       used 169553K, committed 172224K, reserved 1245184K
  class space    used 22201K, committed 23552K, reserved 1048576K
}
Event: 21.235 GC heap before
{Heap before GC invocations=63 (full 0):
 garbage-first heap   total 356352K, used 305904K [0x0000000740000000, 0x0000000800000000)
  region size 2048K, 53 young (108544K), 6 survivors (12288K)
 Metaspace       used 172814K, committed 175552K, reserved 1245184K
  class space    used 22499K, committed 23872K, reserved 1048576K
}
Event: 21.239 GC heap after
{Heap after GC invocations=64 (full 0):
 garbage-first heap   total 356352K, used 216828K [0x0000000740000000, 0x0000000800000000)
  region size 2048K, 7 young (14336K), 7 survivors (14336K)
 Metaspace       used 172814K, committed 175552K, reserved 1245184K
  class space    used 22499K, committed 23872K, reserved 1048576K
}
Event: 22.033 GC heap before
{Heap before GC invocations=64 (full 0):
 garbage-first heap   total 356352K, used 321276K [0x0000000740000000, 0x0000000800000000)
  region size 2048K, 59 young (120832K), 7 survivors (14336K)
 Metaspace       used 177942K, committed 180736K, reserved 1245184K
  class space    used 23109K, committed 24512K, reserved 1048576K
}
Event: 22.038 GC heap after
{Heap after GC invocations=65 (full 0):
 garbage-first heap   total 356352K, used 223616K [0x0000000740000000, 0x0000000800000000)
  region size 2048K, 8 young (16384K), 8 survivors (16384K)
 Metaspace       used 177942K, committed 180736K, reserved 1245184K
  class space    used 23109K, committed 24512K, reserved 1048576K
}
Event: 22.273 GC heap before
{Heap before GC invocations=65 (full 0):
 garbage-first heap   total 356352K, used 266624K [0x0000000740000000, 0x0000000800000000)
  region size 2048K, 30 young (61440K), 8 survivors (16384K)
 Metaspace       used 179298K, committed 182208K, reserved 1245184K
  class space    used 23251K, committed 24704K, reserved 1048576K
}
Event: 22.278 GC heap after
{Heap after GC invocations=66 (full 0):
 garbage-first heap   total 356352K, used 229082K [0x0000000740000000, 0x0000000800000000)
  region size 2048K, 3 young (6144K), 3 survivors (6144K)
 Metaspace       used 179298K, committed 182208K, reserved 1245184K
  class space    used 23251K, committed 24704K, reserved 1048576K
}
Event: 28.570 GC heap before
{Heap before GC invocations=67 (full 0):
 garbage-first heap   total 393216K, used 329434K [0x0000000740000000, 0x0000000800000000)
  region size 2048K, 51 young (104448K), 3 survivors (6144K)
 Metaspace       used 195961K, committed 198848K, reserved 1245184K
  class space    used 25175K, committed 26624K, reserved 1048576K
}
Event: 28.573 GC heap after
{Heap after GC invocations=68 (full 0):
 garbage-first heap   total 393216K, used 236894K [0x0000000740000000, 0x0000000800000000)
  region size 2048K, 4 young (8192K), 4 survivors (8192K)
 Metaspace       used 195961K, committed 198848K, reserved 1245184K
  class space    used 25175K, committed 26624K, reserved 1048576K
}

Dll operation events (20 events):
Event: 0.325 Attempting to load shared library C:\Program Files\Eclipse Adoptium\jdk-21.0.12.8-hotspot\bin\verify.dll
Event: 0.326 Loaded shared library C:\Program Files\Eclipse Adoptium\jdk-21.0.12.8-hotspot\bin\verify.dll
Event: 0.338 Attempting to load shared library C:\Users\--\.gradle\native\660c5614fbf4a5f2a75b1949f50a0caf5cd603558e7d8a26e50b933a0cfb79d1\windows-amd64\native-platform.dll
Event: 0.339 Loaded shared library C:\Users\--\.gradle\native\660c5614fbf4a5f2a75b1949f50a0caf5cd603558e7d8a26e50b933a0cfb79d1\windows-amd64\native-platform.dll
Event: 0.343 Attempting to load shared library C:\Users\--\.gradle\native\0.2.8\x86_64-windows-gnu\gradle-fileevents.dll
Event: 0.345 Loaded shared library C:\Users\--\.gradle\native\0.2.8\x86_64-windows-gnu\gradle-fileevents.dll
Event: 0.823 Attempting to load shared library C:\Program Files\Eclipse Adoptium\jdk-21.0.12.8-hotspot\bin\management.dll
Event: 0.823 Loaded shared library C:\Program Files\Eclipse Adoptium\jdk-21.0.12.8-hotspot\bin\management.dll
Event: 0.824 Attempting to load shared library C:\Program Files\Eclipse Adoptium\jdk-21.0.12.8-hotspot\bin\management_ext.dll
Event: 0.824 Loaded shared library C:\Program Files\Eclipse Adoptium\jdk-21.0.12.8-hotspot\bin\management_ext.dll
Event: 0.936 Attempting to load shared library C:\Program Files\Eclipse Adoptium\jdk-21.0.12.8-hotspot\bin\extnet.dll
Event: 0.937 Loaded shared library C:\Program Files\Eclipse Adoptium\jdk-21.0.12.8-hotspot\bin\extnet.dll
Event: 1.032 Attempting to load shared library C:\Program Files\Eclipse Adoptium\jdk-21.0.12.8-hotspot\bin\sunmscapi.dll
Event: 1.033 Loaded shared library C:\Program Files\Eclipse Adoptium\jdk-21.0.12.8-hotspot\bin\sunmscapi.dll
Event: 16.866 Attempting to load shared library C:\Program Files\Eclipse Adoptium\jdk-21.0.12.8-hotspot\bin\awt.dll
Event: 16.873 Loaded shared library C:\Program Files\Eclipse Adoptium\jdk-21.0.12.8-hotspot\bin\awt.dll
Event: 20.021 Attempting to load shared library C:\Users\--\AppData\Local\Temp\sqlite-3.41.2.2-3900317e-8807-43c6-9d86-68d5d6d3150c-sqlitejdbc.dll
Event: 20.158 Loaded shared library C:\Users\--\AppData\Local\Temp\sqlite-3.41.2.2-3900317e-8807-43c6-9d86-68d5d6d3150c-sqlitejdbc.dll
Event: 22.983 Attempting to load shared library C:\Program Files\Eclipse Adoptium\jdk-21.0.12.8-hotspot\bin\rmi.dll
Event: 22.985 Loaded shared library C:\Program Files\Eclipse Adoptium\jdk-21.0.12.8-hotspot\bin\rmi.dll

Deoptimization events (20 events):
Event: 28.188 Thread 0x0000027d8c8c9d50 Uncommon trap: trap_request=0xffffffc6 fr.pc=0x0000027d36ab1178 relative=0x0000000000000f78
Event: 28.188 Thread 0x0000027d8c8c9d50 Uncommon trap: reason=bimorphic_or_optimized_type_check action=maybe_recompile pc=0x0000027d36ab1178 method=java.io.ObjectOutputStream$BlockDataOutputStream.drain()V @ 36 c2
Event: 28.188 Thread 0x0000027d8c8c9d50 DEOPT PACKING pc=0x0000027d36ab1178 sp=0x00000096775fe520
Event: 28.188 Thread 0x0000027d8c8c9d50 DEOPT UNPACKING pc=0x0000027d36234422 sp=0x00000096775fe4f0 mode 2
Event: 28.188 Thread 0x0000027d8c8c9d50 Uncommon trap: trap_request=0xffffffc6 fr.pc=0x0000027d36ab1178 relative=0x0000000000000f78
Event: 28.188 Thread 0x0000027d8c8c9d50 Uncommon trap: reason=bimorphic_or_optimized_type_check action=maybe_recompile pc=0x0000027d36ab1178 method=java.io.ObjectOutputStream$BlockDataOutputStream.drain()V @ 36 c2
Event: 28.188 Thread 0x0000027d8c8c9d50 DEOPT PACKING pc=0x0000027d36ab1178 sp=0x00000096775fe3a0
Event: 28.188 Thread 0x0000027d8c8c9d50 DEOPT UNPACKING pc=0x0000027d36234422 sp=0x00000096775fe370 mode 2
Event: 28.188 Thread 0x0000027d8c8c9d50 Uncommon trap: trap_request=0xffffffc6 fr.pc=0x0000027d36ab1178 relative=0x0000000000000f78
Event: 28.188 Thread 0x0000027d8c8c9d50 Uncommon trap: reason=bimorphic_or_optimized_type_check action=maybe_recompile pc=0x0000027d36ab1178 method=java.io.ObjectOutputStream$BlockDataOutputStream.drain()V @ 36 c2
Event: 28.188 Thread 0x0000027d8c8c9d50 DEOPT PACKING pc=0x0000027d36ab1178 sp=0x00000096775fe270
Event: 28.188 Thread 0x0000027d8c8c9d50 DEOPT UNPACKING pc=0x0000027d36234422 sp=0x00000096775fe240 mode 2
Event: 28.550 Thread 0x0000027da72e7210 Uncommon trap: trap_request=0xffffffc6 fr.pc=0x0000027d36f6081c relative=0x00000000000000dc
Event: 28.550 Thread 0x0000027da72e7210 Uncommon trap: reason=bimorphic_or_optimized_type_check action=maybe_recompile pc=0x0000027d36f6081c method=java.util.LinkedHashMap.afterNodeInsertion(Z)V @ 15 c2
Event: 28.550 Thread 0x0000027da72e7210 DEOPT PACKING pc=0x0000027d36f6081c sp=0x000000967ddfd3b0
Event: 28.550 Thread 0x0000027da72e7210 DEOPT UNPACKING pc=0x0000027d36234422 sp=0x000000967ddfd328 mode 2
Event: 28.575 Thread 0x0000027da72e57d0 Uncommon trap: trap_request=0xffffff45 fr.pc=0x0000027d36cf4a18 relative=0x0000000000000158
Event: 28.575 Thread 0x0000027da72e57d0 Uncommon trap: reason=unstable_if action=reinterpret pc=0x0000027d36cf4a18 method=java.lang.ThreadLocal.get(Ljava/lang/Thread;)Ljava/lang/Object; @ 7 c2
Event: 28.575 Thread 0x0000027da72e57d0 DEOPT PACKING pc=0x0000027d36cf4a18 sp=0x000000967d6fe6b0
Event: 28.575 Thread 0x0000027da72e57d0 DEOPT UNPACKING pc=0x0000027d36234422 sp=0x000000967d6fe5e8 mode 2

Classes loaded (20 events):
Event: 23.035 Loading class sun/rmi/transport/Transport$1
Event: 23.036 Loading class sun/rmi/transport/Transport$1 done
Event: 23.036 Loading class sun/rmi/transport/DGCImpl$LeaseInfo
Event: 23.036 Loading class sun/rmi/transport/DGCImpl$LeaseInfo done
Event: 23.036 Loading class sun/rmi/transport/DGCImpl$1
Event: 23.036 Loading class sun/rmi/transport/DGCImpl$1 done
Event: 23.036 Loading class sun/rmi/transport/SequenceEntry
Event: 23.036 Loading class sun/rmi/transport/SequenceEntry done
Event: 27.190 Loading class java/io/PrintWriter$1
Event: 27.190 Loading class jdk/internal/access/JavaIOPrintWriterAccess
Event: 27.190 Loading class jdk/internal/access/JavaIOPrintWriterAccess done
Event: 27.190 Loading class java/io/PrintWriter$1 done
Event: 27.190 Loading class java/lang/Throwable$WrappedPrintWriter
Event: 27.190 Loading class java/lang/Throwable$PrintStreamOrWriter
Event: 27.190 Loading class java/lang/Throwable$PrintStreamOrWriter done
Event: 27.190 Loading class java/lang/Throwable$WrappedPrintWriter done
Event: 28.188 Loading class java/util/Collections$EmptyListIterator
Event: 28.188 Loading class java/util/Collections$EmptyListIterator done
Event: 28.574 Loading class sun/rmi/transport/DGCClient$EndpointEntry$CleanRequest
Event: 28.574 Loading class sun/rmi/transport/DGCClient$EndpointEntry$CleanRequest done

Classes unloaded (0 events):
No events

Classes redefined (0 events):
No events

Internal exceptions (20 events):
Event: 22.976 Thread 0x0000027d98125450 Exception <a 'java/lang/NoSuchMethodError'{0x0000000753ec6428}: static Lorg/jetbrains/kotlin/daemon/common/LoopbackNetworkInterface$AbstractClientLoopbackSocketFactory;.<clinit>()V> (0x0000000753ec6428) 
thrown [s\src\hotspot\share\prims\jni.cpp, line 1111]
Event: 22.977 Thread 0x0000027d98125450 Exception <a 'java/lang/NoSuchMethodError'{0x0000000753ed2450}: static Lorg/jetbrains/kotlin/daemon/common/LoopbackNetworkInterface$ClientLoopbackSocketFactory;.<clinit>()V> (0x0000000753ed2450) 
thrown [s\src\hotspot\share\prims\jni.cpp, line 1111]
Event: 22.987 Thread 0x0000027d98125450 Exception <a 'java/lang/NoSuchMethodError'{0x0000000753f3a908}: static [Ljava/rmi/server/ObjID;.<clinit>()V> (0x0000000753f3a908) 
thrown [s\src\hotspot\share\prims\jni.cpp, line 1111]
Event: 22.988 Thread 0x0000027d98125450 Exception <a 'java/lang/NoSuchMethodError'{0x0000000753f5ecb8}: static [B.<clinit>()V> (0x0000000753f5ecb8) 
thrown [s\src\hotspot\share\prims\jni.cpp, line 1111]
Event: 22.993 Thread 0x0000027da72e57d0 Exception <a 'java/lang/NoSuchMethodError'{0x0000000753c04318}: 'java.lang.Object java.lang.invoke.DirectMethodHandle$Holder.newInvokeSpecial(java.lang.Object, java.lang.Object, int, java.lang.Object, long)'> (0x0000000753c04318) 
thrown [s\src\hotspot\share\interpreter\linkResolver.cpp, line 773]
Event: 22.998 Thread 0x0000027d98125450 Exception <a 'java/lang/NoSuchMethodError'{0x0000000753f93e88}: static Lorg/jetbrains/kotlin/daemon/common/CompileService$CallResult;.<clinit>()V> (0x0000000753f93e88) 
thrown [s\src\hotspot\share\prims\jni.cpp, line 1111]
Event: 22.998 Thread 0x0000027d98125450 Exception <a 'java/lang/NoSuchMethodError'{0x0000000753f9ff40}: static Lorg/jetbrains/kotlin/daemon/common/CompileService$CallResult$Good;.<clinit>()V> (0x0000000753f9ff40) 
thrown [s\src\hotspot\share\prims\jni.cpp, line 1111]
Event: 22.999 Thread 0x0000027d98125450 Exception <a 'java/lang/NoSuchMethodError'{0x0000000753fad050}: static Lorg/jetbrains/kotlin/daemon/common/DaemonJVMOptions;.<clinit>()V> (0x0000000753fad050) 
thrown [s\src\hotspot\share\prims\jni.cpp, line 1111]
Event: 23.001 Thread 0x0000027d98125450 Exception <a 'java/lang/NoSuchMethodError'{0x0000000753fd6bc0}: static Lorg/jetbrains/kotlin/daemon/common/CompileService$CallResult$Ok;.<clinit>()V> (0x0000000753fd6bc0) 
thrown [s\src\hotspot\share\prims\jni.cpp, line 1111]
Event: 23.029 Thread 0x0000027d98125450 Exception <a 'java/lang/NoSuchMethodError'{0x0000000753dc3f08}: static [Ljava/lang/Integer;.<clinit>()V> (0x0000000753dc3f08) 
thrown [s\src\hotspot\share\prims\jni.cpp, line 1111]
Event: 23.029 Thread 0x0000027d98125450 Exception <a 'java/lang/NoSuchMethodError'{0x0000000753df5bc8}: static Lorg/jetbrains/kotlin/incremental/ClasspathChanges$ClasspathSnapshotEnabled$IncrementalRun$NoChanges;.<clinit>()V> (0x0000000753df5bc8) 
thrown [s\src\hotspot\share\prims\jni.cpp, line 1111]
Event: 23.029 Thread 0x0000027d98125450 Exception <a 'java/lang/NoSuchMethodError'{0x0000000753dfb0f8}: static Lorg/jetbrains/kotlin/incremental/ClasspathChanges$ClasspathSnapshotEnabled$IncrementalRun;.<clinit>()V> (0x0000000753dfb0f8) 
thrown [s\src\hotspot\share\prims\jni.cpp, line 1111]
Event: 23.029 Thread 0x0000027d98125450 Exception <a 'java/lang/NoSuchMethodError'{0x0000000753a23f60}: static Lorg/jetbrains/kotlin/incremental/ClasspathChanges$ClasspathSnapshotEnabled;.<clinit>()V> (0x0000000753a23f60) 
thrown [s\src\hotspot\share\prims\jni.cpp, line 1111]
Event: 23.029 Thread 0x0000027d98125450 Exception <a 'java/lang/NoSuchMethodError'{0x0000000753a29308}: static Lorg/jetbrains/kotlin/incremental/ClasspathChanges;.<clinit>()V> (0x0000000753a29308) 
thrown [s\src\hotspot\share\prims\jni.cpp, line 1111]
Event: 26.169 Thread 0x0000027da72e3700 Exception <a 'java/lang/NoSuchMethodError'{0x0000000753b94e50}: 'void java.lang.invoke.DirectMethodHandle$Holder.invokeInterface(java.lang.Object, java.lang.Object, int, java.lang.Object)'> (0x0000000753b94e50) 
thrown [s\src\hotspot\share\interpreter\linkResolver.cpp, line 773]
Event: 26.174 Thread 0x0000027da72e3700 Exception <a 'java/lang/NoSuchMethodError'{0x0000000753bc7a70}: 'void java.lang.invoke.DelegatingMethodHandle$Holder.reinvoke_L(java.lang.Object, java.lang.Object, int, int, java.lang.Object, java.lang.Object)'> (0x0000000753bc7a70) 
thrown [s\src\hotspot\share\interpreter\linkResolver.cpp, line 773]
Event: 28.189 Thread 0x0000027d8c8c9d50 Exception <a 'java/lang/NoSuchMethodError'{0x000000075360f388}: static [Ljava/lang/StackTraceElement;.<clinit>()V> (0x000000075360f388) 
thrown [s\src\hotspot\share\prims\jni.cpp, line 1111]
Event: 28.318 Thread 0x0000027da72e7210 Exception <a 'sun/nio/fs/WindowsException'{0x0000000752f9dc30}> (0x0000000752f9dc30) 
thrown [s\src\hotspot\share\prims\jni.cpp, line 520]
Event: 28.553 Thread 0x0000027da72e7210 Exception <a 'sun/nio/fs/WindowsException'{0x0000000751662b78}> (0x0000000751662b78) 
thrown [s\src\hotspot\share\prims\jni.cpp, line 520]
Event: 28.575 Thread 0x0000027da72e57d0 Implicit null exception at 0x0000027d36cf4928 to 0x0000027d36cf49fc

ZGC Phase Switch (0 events):
No events

VM Operations (20 events):
Event: 22.278 Executing safepoint VM operation: G1TryInitiateConcMark (G1 Humongous Allocation) done
Event: 22.317 Executing safepoint VM operation: G1PauseRemark
Event: 22.331 Executing safepoint VM operation: G1PauseRemark done
Event: 22.361 Executing safepoint VM operation: G1PauseCleanup
Event: 22.361 Executing safepoint VM operation: G1PauseCleanup done
Event: 22.928 Executing safepoint VM operation: ICBufferFull
Event: 22.928 Executing safepoint VM operation: ICBufferFull done
Event: 22.966 Executing non-safepoint VM operation: HandshakeAllThreads (Deoptimize)
Event: 22.966 Executing non-safepoint VM operation: HandshakeAllThreads (Deoptimize) done
Event: 23.971 Executing safepoint VM operation: Cleanup
Event: 23.971 Executing safepoint VM operation: Cleanup done
Event: 26.971 Executing safepoint VM operation: Cleanup
Event: 26.971 Executing safepoint VM operation: Cleanup done
Event: 27.971 Executing safepoint VM operation: Cleanup
Event: 28.185 Executing safepoint VM operation: Cleanup done
Event: 28.374 Executing non-safepoint VM operation: HandshakeAllThreads (Deoptimize)
Event: 28.374 Executing non-safepoint VM operation: HandshakeAllThreads (Deoptimize) done
Event: 28.570 Executing safepoint VM operation: G1CollectForAllocation (G1 Evacuation Pause)
Event: 28.573 Executing safepoint VM operation: G1CollectForAllocation (G1 Evacuation Pause) done
Event: 29.573 Executing safepoint VM operation: Cleanup

Memory protections (0 events):
No events

Nmethod flushes (20 events):
Event: 22.329 Thread 0x0000027d870925a0 flushing  nmethod 0x0000027d3102a390
Event: 22.329 Thread 0x0000027d870925a0 flushing  nmethod 0x0000027d3102aa90
Event: 22.329 Thread 0x0000027d870925a0 flushing  nmethod 0x0000027d3102ad90
Event: 22.329 Thread 0x0000027d870925a0 flushing  nmethod 0x0000027d312d9110
Event: 22.329 Thread 0x0000027d870925a0 flushing  nmethod 0x0000027d31693810
Event: 22.329 Thread 0x0000027d870925a0 flushing  nmethod 0x0000027d318f1a10
Event: 22.329 Thread 0x0000027d870925a0 flushing  nmethod 0x0000027d318f2090
Event: 22.329 Thread 0x0000027d870925a0 flushing  nmethod 0x0000027d318f2490
Event: 22.329 Thread 0x0000027d870925a0 flushing  nmethod 0x0000027d318f2f90
Event: 22.329 Thread 0x0000027d870925a0 flushing  nmethod 0x0000027d318f3c90
Event: 22.329 Thread 0x0000027d870925a0 flushing  nmethod 0x0000027d318f7f10
Event: 22.329 Thread 0x0000027d870925a0 flushing  nmethod 0x0000027d318f8390
Event: 22.329 Thread 0x0000027d870925a0 flushing  nmethod 0x0000027d318f8a10
Event: 22.329 Thread 0x0000027d870925a0 flushing  nmethod 0x0000027d318fa710
Event: 22.329 Thread 0x0000027d870925a0 flushing  nmethod 0x0000027d318fc290
Event: 22.329 Thread 0x0000027d870925a0 flushing  nmethod 0x0000027d3191b090
Event: 22.329 Thread 0x0000027d870925a0 flushing  nmethod 0x0000027d3191b410
Event: 22.329 Thread 0x0000027d870925a0 flushing  nmethod 0x0000027d3191fc10
Event: 22.329 Thread 0x0000027d870925a0 flushing  nmethod 0x0000027d31920990
Event: 22.329 Thread 0x0000027d870925a0 flushing  nmethod 0x0000027d31921c90

Events (20 events):
Event: 16.370 Thread 0x0000027d98125450 Thread added: 0x0000027d8dcb3010
Event: 16.696 Thread 0x0000027d98125450 Thread added: 0x0000027d8dcb43c0
Event: 16.960 Thread 0x0000027d98125450 Thread added: 0x0000027d8e478650
Event: 16.961 Thread 0x0000027d98125450 Thread added: 0x0000027d8f87c310
Event: 16.961 Thread 0x0000027d98125450 Thread added: 0x0000027d906fac70
Event: 17.246 Thread 0x0000027d98125450 Thread added: 0x0000027d906fb990
Event: 17.370 Thread 0x0000027d8dcb43c0 Thread added: 0x0000027d906ff4a0
Event: 17.985 Thread 0x0000027d8f87c310 Thread exited: 0x0000027d8f87c310
Event: 19.944 Thread 0x0000027d970d3100 Thread exited: 0x0000027d970d3100
Event: 22.190 Thread 0x0000027d9054b2b0 Thread added: 0x0000027da7cc6cb0
Event: 22.977 Thread 0x0000027d98125450 Thread added: 0x0000027da72e64f0
Event: 22.981 Thread 0x0000027d98125450 Thread added: 0x0000027da72e57d0
Event: 22.985 Thread 0x0000027d98125450 Thread added: 0x0000027da72e4ab0
Event: 23.025 Thread 0x0000027d98125450 Thread added: 0x0000027da72e3070
Event: 23.026 Thread 0x0000027d98125450 Thread added: 0x0000027da72e6b80
Event: 23.034 Thread 0x0000027da72e3070 Thread added: 0x0000027da72e3700
Event: 27.177 Thread 0x0000027d870b97a0 Thread added: 0x0000027da75aae70
Event: 27.177 Thread 0x0000027d870b97a0 Thread added: 0x0000027da75ab540
Event: 28.188 Thread 0x0000027d98125450 Thread added: 0x0000027da72e7210
Event: 28.575 Thread 0x0000027da72e57d0 Thread exited: 0x0000027da72e57d0


Dynamic libraries:
0x00007ff77d950000 - 0x00007ff77d95e000 	C:\Program Files\Eclipse Adoptium\jdk-21.0.12.8-hotspot\bin\java.exe
0x00007ffa45d80000 - 0x00007ffa45fe6000 	C:\WINDOWS\SYSTEM32\ntdll.dll
0x00007ffa44cf0000 - 0x00007ffa44db9000 	C:\WINDOWS\System32\KERNEL32.DLL
0x00007ffa43260000 - 0x00007ffa4365f000 	C:\WINDOWS\System32\KERNELBASE.dll
0x00007ffa3f0e0000 - 0x00007ffa3f17f000 	C:\WINDOWS\SYSTEM32\apphelp.dll
0x00007ffa43860000 - 0x00007ffa439ac000 	C:\WINDOWS\System32\ucrtbase.dll
0x00007ffa3a730000 - 0x00007ffa3a748000 	C:\Program Files\Eclipse Adoptium\jdk-21.0.12.8-hotspot\bin\jli.dll
0x00007ffa3a750000 - 0x00007ffa3a76e000 	C:\Program Files\Eclipse Adoptium\jdk-21.0.12.8-hotspot\bin\VCRUNTIME140.dll
0x00007ffa43be0000 - 0x00007ffa43da6000 	C:\WINDOWS\System32\USER32.dll
0x00007ffa43a80000 - 0x00007ffa43aa7000 	C:\WINDOWS\System32\win32u.dll
0x00007ffa44e30000 - 0x00007ffa44e5b000 	C:\WINDOWS\System32\GDI32.dll
0x00007ffa43730000 - 0x00007ffa43859000 	C:\WINDOWS\System32\gdi32full.dll
0x00007ffa27a60000 - 0x00007ffa27cf1000 	C:\WINDOWS\WinSxS\amd64_microsoft.windows.common-controls_6595b64144ccf1df_6.0.26100.8972_none_3e0da176e32f9d4b\COMCTL32.dll
0x00007ffa431b0000 - 0x00007ffa43253000 	C:\WINDOWS\System32\msvcp_win.dll
0x00007ffa449e0000 - 0x00007ffa44a89000 	C:\WINDOWS\System32\msvcrt.dll
0x00007ffa44e60000 - 0x00007ffa44e92000 	C:\WINDOWS\System32\IMM32.DLL
0x00007ffa3f980000 - 0x00007ffa3f98c000 	C:\Program Files\Eclipse Adoptium\jdk-21.0.12.8-hotspot\bin\vcruntime140_1.dll
0x00007ffa202e0000 - 0x00007ffa2036d000 	C:\Program Files\Eclipse Adoptium\jdk-21.0.12.8-hotspot\bin\msvcp140.dll
0x00007ff9de6d0000 - 0x00007ff9df472000 	C:\Program Files\Eclipse Adoptium\jdk-21.0.12.8-hotspot\bin\server\jvm.dll
0x00007ffa44240000 - 0x00007ffa442fc000 	C:\WINDOWS\System32\ADVAPI32.dll
0x00007ffa43b30000 - 0x00007ffa43bda000 	C:\WINDOWS\System32\sechost.dll
0x00007ffa44310000 - 0x00007ffa44428000 	C:\WINDOWS\System32\RPCRT4.dll
0x00007ffa44950000 - 0x00007ffa449d2000 	C:\WINDOWS\System32\WS2_32.dll
0x00007ffa42df0000 - 0x00007ffa42e4e000 	C:\WINDOWS\SYSTEM32\POWRPROF.dll
0x00007ffa3a200000 - 0x00007ffa3a20b000 	C:\WINDOWS\SYSTEM32\VERSION.dll
0x00007ffa3a980000 - 0x00007ffa3a9b6000 	C:\WINDOWS\SYSTEM32\WINMM.dll
0x00007ffa42dd0000 - 0x00007ffa42de5000 	C:\WINDOWS\SYSTEM32\UMPDC.dll
0x00007ffa41c40000 - 0x00007ffa41c5b000 	C:\WINDOWS\SYSTEM32\kernel.appcore.dll
0x00007ffa3a720000 - 0x00007ffa3a72a000 	C:\Program Files\Eclipse Adoptium\jdk-21.0.12.8-hotspot\bin\jimage.dll
0x00007ffa40430000 - 0x00007ffa40672000 	C:\WINDOWS\SYSTEM32\DBGHELP.DLL
0x00007ffa445a0000 - 0x00007ffa44925000 	C:\WINDOWS\System32\combase.dll
0x00007ffa45b30000 - 0x00007ffa45c09000 	C:\WINDOWS\System32\OLEAUT32.dll
0x00007ffa2fe60000 - 0x00007ffa2fe9b000 	C:\WINDOWS\SYSTEM32\dbgcore.DLL
0x00007ffa43670000 - 0x00007ffa4371c000 	C:\WINDOWS\System32\bcryptPrimitives.dll
0x00007ffa39660000 - 0x00007ffa3966f000 	C:\Program Files\Eclipse Adoptium\jdk-21.0.12.8-hotspot\bin\instrument.dll
0x00007ffa3a5b0000 - 0x00007ffa3a5d0000 	C:\Program Files\Eclipse Adoptium\jdk-21.0.12.8-hotspot\bin\java.dll
0x00007ffa451d0000 - 0x00007ffa45958000 	C:\WINDOWS\System32\SHELL32.dll
0x00007ffa40a00000 - 0x00007ffa4129b000 	C:\WINDOWS\SYSTEM32\windows.storage.dll
0x00007ffa45c40000 - 0x00007ffa45d39000 	C:\WINDOWS\System32\SHCORE.dll
0x00007ffa44430000 - 0x00007ffa44496000 	C:\WINDOWS\System32\shlwapi.dll
0x00007ffa42eb0000 - 0x00007ffa42ed9000 	C:\WINDOWS\SYSTEM32\profapi.dll
0x00007ffa111c0000 - 0x00007ffa11297000 	C:\Program Files\Eclipse Adoptium\jdk-21.0.12.8-hotspot\bin\jsvml.dll
0x00007ffa39730000 - 0x00007ffa39748000 	C:\Program Files\Eclipse Adoptium\jdk-21.0.12.8-hotspot\bin\zip.dll
0x00007ffa3a710000 - 0x00007ffa3a720000 	C:\Program Files\Eclipse Adoptium\jdk-21.0.12.8-hotspot\bin\net.dll
0x00007ffa3c410000 - 0x00007ffa3c538000 	C:\WINDOWS\SYSTEM32\WINHTTP.dll
0x00007ffa421d0000 - 0x00007ffa4223c000 	C:\WINDOWS\system32\mswsock.dll
0x00007ffa3a1e0000 - 0x00007ffa3a1f6000 	C:\Program Files\Eclipse Adoptium\jdk-21.0.12.8-hotspot\bin\nio.dll
0x00007ffa3a6e0000 - 0x00007ffa3a6f0000 	C:\Program Files\Eclipse Adoptium\jdk-21.0.12.8-hotspot\bin\verify.dll
0x00007ff9ea7a0000 - 0x00007ff9ea7c7000 	C:\Users\--\.gradle\native\660c5614fbf4a5f2a75b1949f50a0caf5cd603558e7d8a26e50b933a0cfb79d1\windows-amd64\native-platform.dll
0x00007ff9e8680000 - 0x00007ff9e86f7000 	C:\Users\--\.gradle\native\0.2.8\x86_64-windows-gnu\gradle-fileevents.dll
0x00007ffa3a5a0000 - 0x00007ffa3a5aa000 	C:\Program Files\Eclipse Adoptium\jdk-21.0.12.8-hotspot\bin\management.dll
0x00007ffa39720000 - 0x00007ffa3972c000 	C:\Program Files\Eclipse Adoptium\jdk-21.0.12.8-hotspot\bin\management_ext.dll
0x00007ffa45960000 - 0x00007ffa45968000 	C:\WINDOWS\System32\PSAPI.DLL
0x00007ffa416a0000 - 0x00007ffa416d3000 	C:\WINDOWS\SYSTEM32\IPHLPAPI.DLL
0x00007ffa44dc0000 - 0x00007ffa44dca000 	C:\WINDOWS\System32\NSI.dll
0x00007ffa39710000 - 0x00007ffa39719000 	C:\Program Files\Eclipse Adoptium\jdk-21.0.12.8-hotspot\bin\extnet.dll
0x00007ffa425f0000 - 0x00007ffa4260b000 	C:\WINDOWS\SYSTEM32\CRYPTSP.dll
0x00007ffa41ba0000 - 0x00007ffa41bd9000 	C:\WINDOWS\system32\rsaenh.dll
0x00007ffa42280000 - 0x00007ffa422b2000 	C:\WINDOWS\SYSTEM32\USERENV.dll
0x00007ffa42e80000 - 0x00007ffa42eaa000 	C:\WINDOWS\SYSTEM32\bcrypt.dll
0x00007ffa42430000 - 0x00007ffa4243c000 	C:\WINDOWS\SYSTEM32\CRYPTBASE.dll
0x00007ffa39600000 - 0x00007ffa3960e000 	C:\Program Files\Eclipse Adoptium\jdk-21.0.12.8-hotspot\bin\sunmscapi.dll
0x00007ffa42f90000 - 0x00007ffa4310e000 	C:\WINDOWS\System32\CRYPT32.dll
0x00007ffa427d0000 - 0x00007ffa42800000 	C:\WINDOWS\SYSTEM32\ncrypt.dll
0x00007ffa42780000 - 0x00007ffa427bf000 	C:\WINDOWS\SYSTEM32\NTASN1.dll
0x00007ffa31090000 - 0x00007ffa31098000 	C:\WINDOWS\system32\wshunix.dll
0x00007ff9bb150000 - 0x00007ff9bb2df000 	C:\Program Files\Eclipse Adoptium\jdk-21.0.12.8-hotspot\bin\awt.dll
0x00007ffa3fb10000 - 0x00007ffa3fbb8000 	C:\WINDOWS\system32\uxtheme.dll
0x00007ffa45970000 - 0x00007ffa45acd000 	C:\WINDOWS\System32\MSCTF.dll
0x00007ffa44aa0000 - 0x00007ffa44c39000 	C:\WINDOWS\System32\ole32.dll
0x00007ffa06070000 - 0x00007ffa06159000 	C:\Users\--\AppData\Local\Temp\sqlite-3.41.2.2-3900317e-8807-43c6-9d86-68d5d6d3150c-sqlitejdbc.dll
0x00007ffa41d70000 - 0x00007ffa41da6000 	C:\WINDOWS\SYSTEM32\ntmarta.dll
0x00007ff9e0fc0000 - 0x00007ff9e0fc7000 	C:\Program Files\Eclipse Adoptium\jdk-21.0.12.8-hotspot\bin\rmi.dll

JVMTI agents:
C:\Users\--\.gradle\wrapper\dists\gradle-9.7.1-bin\1w1c7tv4s851m17nbqdsro2tv\gradle-9.7.1\lib\agents\gradle-instrumentation-agent-9.7.1.jar path:C:\Program Files\Eclipse Adoptium\jdk-21.0.12.8-hotspot\bin\instrument.dll, loaded, initialized, instrumentlib options:none

dbghelp: loaded successfully - version: 4.0.5 - missing functions: none
symbol engine: initialized successfully - sym options: 0x614 - pdb path: .;C:\Program Files\Eclipse Adoptium\jdk-21.0.12.8-hotspot\bin;C:\WINDOWS\SYSTEM32;C:\WINDOWS\WinSxS\amd64_microsoft.windows.common-controls_6595b64144ccf1df_6.0.26100.8972_none_3e0da176e32f9d4b;C:\Program Files\Eclipse Adoptium\jdk-21.0.12.8-hotspot\bin\server;C:\Users\--\.gradle\native\660c5614fbf4a5f2a75b1949f50a0caf5cd603558e7d8a26e50b933a0cfb79d1\windows-amd64;C:\Users\--\.gradle\native\0.2.8\x86_64-windows-gnu;C:\Users\--\AppData\Local\Temp

VM Arguments:
jvm_args: --add-opens=java.base/java.lang=ALL-UNNAMED --add-opens=java.base/java.lang.invoke=ALL-UNNAMED --add-opens=java.base/java.util=ALL-UNNAMED --add-opens=java.prefs/java.util.prefs=ALL-UNNAMED --add-exports=jdk.compiler/com.sun.tools.javac.api=ALL-UNNAMED --add-exports=jdk.compiler/com.sun.tools.javac.util=ALL-UNNAMED --add-opens=java.base/java.nio.charset=ALL-UNNAMED --add-opens=java.base/java.net=ALL-UNNAMED --add-opens=java.base/java.util.concurrent=ALL-UNNAMED --add-opens=java.base/java.util.concurrent.atomic=ALL-UNNAMED --add-opens=java.xml/javax.xml.namespace=ALL-UNNAMED --add-opens=java.base/java.time=ALL-UNNAMED -Xmx3072m -Dfile.encoding=UTF-8 -Duser.country=US -Duser.language=en -Duser.variant -javaagent:C:\Users\--\.gradle\wrapper\dists\gradle-9.7.1-bin\1w1c7tv4s851m17nbqdsro2tv\gradle-9.7.1\lib\agents\gradle-instrumentation-agent-9.7.1.jar 
java_command: org.gradle.launcher.daemon.bootstrap.GradleDaemon 9.7.1
java_class_path (initial): C:\Users\--\.gradle\wrapper\dists\gradle-9.7.1-bin\1w1c7tv4s851m17nbqdsro2tv\gradle-9.7.1\lib\gradle-daemon-main-9.7.1.jar
Launcher Type: SUN_STANDARD

[Global flags]
     intx CICompilerCount                          = 12                                        {product} {ergonomic}
     uint ConcGCThreads                            = 5                                         {product} {ergonomic}
     uint G1ConcRefinementThreads                  = 18                                        {product} {ergonomic}
   size_t G1HeapRegionSize                         = 2097152                                   {product} {ergonomic}
    uintx GCDrainStackTargetSize                   = 64                                        {product} {ergonomic}
   size_t InitialHeapSize                          = 532676608                                 {product} {ergonomic}
   size_t MarkStackSize                            = 4194304                                   {product} {ergonomic}
   size_t MaxHeapSize                              = 3221225472                                {product} {command line}
   size_t MaxNewSize                               = 1931476992                                {product} {ergonomic}
   size_t MinHeapDeltaBytes                        = 2097152                                   {product} {ergonomic}
   size_t MinHeapSize                              = 8388608                                   {product} {ergonomic}
    uintx NonNMethodCodeHeapSize                   = 7602480                                {pd product} {ergonomic}
    uintx NonProfiledCodeHeapSize                  = 122027880                              {pd product} {ergonomic}
    uintx ProfiledCodeHeapSize                     = 122027880                              {pd product} {ergonomic}
    uintx ReservedCodeCacheSize                    = 251658240                              {pd product} {ergonomic}
     bool SegmentedCodeCache                       = true                                      {product} {ergonomic}
   size_t SoftMaxHeapSize                          = 3221225472                             {manageable} {ergonomic}
     bool UseCompressedOops                        = true                           {product lp64_product} {ergonomic}
     bool UseG1GC                                  = true                                      {product} {ergonomic}
     bool UseLargePagesIndividualAllocation        = false                                  {pd product} {ergonomic}

Logging:
Log output configuration:
 #0: stdout all=warning uptime,level,tags foldmultilines=false
 #1: stderr all=off uptime,level,tags foldmultilines=false

Release file:
IMPLEMENTOR="Eclipse Adoptium" 
IMPLEMENTOR_VERSION="Temurin-21.0.12+8" 
JAVA_RUNTIME_VERSION="21.0.12+8-LTS" 
JAVA_VERSION="21.0.12" 
JAVA_VERSION_DATE="2026-07-21" 
LIBC="default" 
MODULES="java.base java.compiler java.datatransfer java.xml java.prefs java.desktop java.instrument java.logging java.management java.security.sasl java.naming java.rmi java.management.rmi java.net.http java.scripting java.security.jgss java.transaction.xa java.sql java.sql.rowset java.xml.crypto java.se java.smartcardio jdk.accessibility jdk.internal.jvmstat jdk.attach jdk.charsets jdk.internal.opt jdk.zipfs jdk.compiler jdk.crypto.ec jdk.crypto.cryptoki jdk.crypto.mscapi jdk.dynalink jdk.internal.ed jdk.editpad jdk.hotspot.agent jdk.httpserver jdk.incubator.vector jdk.internal.le jdk.internal.vm.ci jdk.internal.vm.compiler jdk.internal.vm.compiler.management jdk.jartool jdk.javadoc jdk.jcmd jdk.management jdk.management.agent jdk.jconsole jdk.jdeps jdk.jdwp.agent jdk.jdi jdk.jfr jdk.jlink jdk.jpackage jdk.jshell jdk.jsobject jdk.jstatd jdk.localedata jdk.management.jfr jdk.naming.dns jdk.naming.rmi jdk.net jdk.nio.mapmode jdk.random jdk.sctp jdk.security.auth jdk.security.jgss jdk.unsupported jdk.unsupported.desktop jdk.xml.dom" 
OS_ARCH="x86_64" 
OS_NAME="Windows" 
SOURCE=".:git:04806bcb1d50" 
BUILD_SOURCE="git:e6ba7dec3d07654074559310376a3ae89da5f4ac"
BUILD_SOURCE_REPO="https://github.com/adoptium/temurin-build.git"
SOURCE_REPO="https://github.com/adoptium/jdk21u.git"
FULL_VERSION="21.0.12+8-LTS"
SEMANTIC_VERSION="21.0.12+8"
BUILD_INFO="OS: Windows Server 2022 Version: 10.0"
JVM_VARIANT="Hotspot"
JVM_VERSION="21.0.12+8-LTS"
IMAGE_TYPE="JDK"

Environment Variables:
JAVA_HOME=C:\Program Files\Android\Android Studio\jbr
CLASSPATH=C:\repos\NoNo\replica-app\\gradle\wrapper\gradle-wrapper.jar
PATH=C:\Program Files\WindowsApps\Microsoft.PowerShell_7.6.5.0_x64__8wekyb3d8bbwe;C:\Program Files\Eclipse Adoptium\jdk-21.0.12.8-hotspot\bin;C:\Program Files\ImageMagick-7.1.2-Q16-HDRI;C:\WINDOWS\system32;C:\WINDOWS;C:\WINDOWS\System32\Wbem;C:\WINDOWS\System32\WindowsPowerShell\v1.0\;C:\WINDOWS\System32\OpenSSH\;C:\Program Files\Microsoft VS Code\bin;C:\Program Files\dotnet\;C:\Program Files\nodejs\;C:\Program Files\Git\cmd;C:\Program Files (x86)\NVIDIA Corporation\PhysX\Common;C:\Program Files\GitHub CLI\;C:\Program Files\CMake\bin;C:\Program Files\Gpg4win\..\GnuPG\bin;C:\Program Files\Docker\Docker\resources\bin;C:\Program Files\gs\gs10.07.1\bin;C:\Program Files (x86)\cloudflared\;C:\Program Files\Microsoft SQL Server\Client SDK\ODBC\170\Tools\Binn\;C:\Program Files (x86)\Microsoft SQL Server\150\Tools\Binn\;C:\Program Files\Microsoft SQL Server\150\Tools\Binn\;C:\Program Files\Microsoft SQL Server\150\DTS\Binn\
USERNAME=--
OS=Windows_NT
PROCESSOR_IDENTIFIER=Intel64 Family 6 Model 198 Stepping 2, GenuineIntel
TMP=C:\Users\--\AppData\Local\Temp
TEMP=C:\Users\--\AppData\Local\Temp




Periodic native trim disabled

---------------  S Y S T E M  ---------------

OS:
 Windows 11 , 64 bit Build 26100 (10.0.26100.9168)
OS uptime: 7 days 5:32 hours
Hyper-V role detected

CPU: total 24 (initial active 24) (24 cores per cpu, 1 threads per core) family 6 model 198 stepping 2 microcode 0x122, cx8, cmov, fxsr, mmx, 3dnowpref, sse, sse2, sse3, ssse3, sse4.1, sse4.2, popcnt, lzcnt, tsc, tscinvbit, avx, avx2, aes, erms, clmul, bmi1, bmi2, adx, sha, fma, vzeroupper, clflush, clflushopt, clwb, hv, serialize, rdtscp, rdpid, fsrm, f16c, cet_ibt, cet_ss
Processor Information for processor 0
  Max Mhz: 2500, Current Mhz: 2500, Mhz Limit: 2500
Processor Information for processor 1
  Max Mhz: 2500, Current Mhz: 2500, Mhz Limit: 2500
Processor Information for processor 2
  Max Mhz: 1900, Current Mhz: 1900, Mhz Limit: 1900
Processor Information for processor 3
  Max Mhz: 1900, Current Mhz: 1900, Mhz Limit: 1900
Processor Information for processor 4
  Max Mhz: 1900, Current Mhz: 1900, Mhz Limit: 1900
Processor Information for processor 5
  Max Mhz: 1900, Current Mhz: 1900, Mhz Limit: 1900
Processor Information for processor 6
  Max Mhz: 1900, Current Mhz: 1900, Mhz Limit: 1900
Processor Information for processor 7
  Max Mhz: 1900, Current Mhz: 1900, Mhz Limit: 1900
Processor Information for processor 8
  Max Mhz: 1900, Current Mhz: 1900, Mhz Limit: 1900
Processor Information for processor 9
  Max Mhz: 1900, Current Mhz: 1900, Mhz Limit: 1900
Processor Information for processor 10
  Max Mhz: 2500, Current Mhz: 2500, Mhz Limit: 2500
Processor Information for processor 11
  Max Mhz: 2500, Current Mhz: 2500, Mhz Limit: 2500
Processor Information for processor 12
  Max Mhz: 2500, Current Mhz: 2500, Mhz Limit: 2500
Processor Information for processor 13
  Max Mhz: 2500, Current Mhz: 2500, Mhz Limit: 2500
Processor Information for processor 14
  Max Mhz: 1900, Current Mhz: 1900, Mhz Limit: 1900
Processor Information for processor 15
  Max Mhz: 1900, Current Mhz: 1900, Mhz Limit: 1900
Processor Information for processor 16
  Max Mhz: 1900, Current Mhz: 1900, Mhz Limit: 1900
Processor Information for processor 17
  Max Mhz: 1900, Current Mhz: 1900, Mhz Limit: 1900
Processor Information for processor 18
  Max Mhz: 1900, Current Mhz: 1900, Mhz Limit: 1900
Processor Information for processor 19
  Max Mhz: 1900, Current Mhz: 1900, Mhz Limit: 1900
Processor Information for processor 20
  Max Mhz: 1900, Current Mhz: 1900, Mhz Limit: 1900
Processor Information for processor 21
  Max Mhz: 1900, Current Mhz: 1900, Mhz Limit: 1900
Processor Information for processor 22
  Max Mhz: 2500, Current Mhz: 2500, Mhz Limit: 2500
Processor Information for processor 23
  Max Mhz: 2500, Current Mhz: 2500, Mhz Limit: 2500

Memory: 4k page, system-wide physical 32466M (222M free)
TotalPageFile size 130770M (AvailPageFile size 1M)
current process WorkingSet (physical memory assigned to process): 869M, peak: 869M
current process commit charge ("private bytes"): 932M, peak: 932M

vm_info: OpenJDK 64-Bit Server VM (21.0.12+8-LTS) for windows-amd64 JRE (21.0.12+8-LTS), built on 2026-07-21T00:00:00Z by "admin" with MS VC++ 17.12 (VS2022)

END.
